id,name,origin_kind,canonical_food_id,cultivar_id,process,shelf_life_days,open_shelf_life_days,open_shelf_life_unit,storage_profile,nutrition_profile,created_at,updated_at,notes
1,Tomates séchées,homemade,1551,,séchage,180,30,days,frais et sec,,2025-10-04 13:05:32.404841+00,2025-10-04 13:05:32.404841+00,"Tomates déshydratées au four ou au soleil, concentrées en saveur"
2,Tomates confites,homemade,1551,,confisage,90,7,days,réfrigéré,,2025-10-04 13:05:32.404841+00,2025-10-04 13:05:32.404841+00,Tomates cuites lentement à basse température dans l'huile
3,Coulis de tomate,homemade,1551,,cuisson et réduction,5,,days,réfrigéré,,2025-10-04 13:05:32.404841+00,2025-10-04 13:05:32.404841+00,Tomates cuites et réduites en sauce lisse
4,Concentré de tomate,homemade,1551,,réduction,7,3,days,réfrigéré,,2025-10-04 13:05:32.404841+00,2025-10-04 13:05:32.404841+00,"Tomates très réduites, texture concentrée"
5,Tomates pelées en bocaux,homemade,1551,,stérilisation,730,3,days,température ambiante,,2025-10-04 13:05:32.404841+00,2025-10-04 13:05:32.404841+00,Tomates pelées et stérilisées en bocaux
6,Tomates lacto-fermentées,homemade,1551,,lacto-fermentation,90,,days,réfrigéré,,2025-10-04 13:05:32.404841+00,2025-10-04 13:05:32.404841+00,"Tomates fermentées en saumure, probiotiques"
7,Ketchup maison,homemade,1551,,cuisson et réduction avec sucre,30,14,days,réfrigéré,,2025-10-04 13:05:32.404841+00,2025-10-04 13:05:32.404841+00,Sauce tomate concentrée sucrée et épicée
8,Jus de tomate,homemade,1551,,extraction,3,,days,réfrigéré,,2025-10-04 13:05:32.404841+00,2025-10-04 13:05:32.404841+00,Jus extrait de tomates fraîches
9,Paprika (poudre de poivron),homemade,1555,,séchage et broyage,365,,days,température ambiante,,2025-10-04 13:05:32.404841+00,2025-10-04 13:05:32.404841+00,Poivrons séchés puis réduits en poudre
10,Poivrons grillés,homemade,1555,,grillage,7,,days,réfrigéré,,2025-10-04 13:05:32.404841+00,2025-10-04 13:05:32.404841+00,"Poivrons grillés et pelés, saveur fumée"
11,Poivrons séchés,homemade,1555,,séchage,180,30,days,frais et sec,,2025-10-04 13:05:32.404841+00,2025-10-04 13:05:32.404841+00,Poivrons déshydratés en lanières
12,Poivrons lacto-fermentés,homemade,1555,,lacto-fermentation,90,,days,réfrigéré,,2025-10-04 13:05:32.404841+00,2025-10-04 13:05:32.404841+00,Poivrons fermentés en saumure
13,Purée de poivrons congelée,homemade,1555,,cuisson et congélation,180,,days,congélateur,,2025-10-04 13:05:32.404841+00,2025-10-04 13:05:32.404841+00,"Poivrons cuits et mixés, congelés en portions"
14,Aubergines confites,homemade,1554,,confisage,14,,days,réfrigéré,,2025-10-04 13:05:32.404841+00,2025-10-04 13:05:32.404841+00,Aubergines cuites lentement dans l'huile
15,Aubergines grillées,homemade,1554,,grillage,5,,days,réfrigéré,,2025-10-04 13:05:32.404841+00,2025-10-04 13:05:32.404841+00,Aubergines grillées et marinées
16,Purée d'aubergines,homemade,1554,,cuisson et mixage,5,,days,réfrigéré,,2025-10-04 13:05:32.404841+00,2025-10-04 13:05:32.404841+00,Aubergines cuites et mixées
17,Chips de courgette séchées,homemade,1451,,séchage,90,,days,frais et sec,,2025-10-04 13:05:32.404841+00,2025-10-04 13:05:32.404841+00,Courgettes tranchées et déshydratées
18,Purée de potiron congelée,homemade,1453,,cuisson et congélation,180,,days,congélateur,,2025-10-04 13:05:32.404841+00,2025-10-04 13:05:32.404841+00,"Potiron cuit et mixé, congelé"
19,Purée de butternut congelée,homemade,1452,,cuisson et congélation,180,,days,congélateur,,2025-10-04 13:05:32.404841+00,2025-10-04 13:05:32.404841+00,"Butternut cuit et mixé, congelé"
20,Purée de potimarron congelée,homemade,1454,,cuisson et congélation,180,,days,congélateur,,2025-10-04 13:05:32.404841+00,2025-10-04 13:05:32.404841+00,"Potimarron cuit et mixé, congelé"
21,Soupe de potiron,homemade,1453,,cuisson,3,,days,réfrigéré,,2025-10-04 13:05:32.404841+00,2025-10-04 13:05:32.404841+00,Potiron cuit et mixé en soupe
22,Courgettes grillées,homemade,1451,,grillage,5,,days,réfrigéré,,2025-10-04 13:05:32.404841+00,2025-10-04 13:05:32.404841+00,Courgettes tranchées et grillées
23,Courgettes lacto-fermentées,homemade,1451,,lacto-fermentation,90,,days,réfrigéré,,2025-10-04 13:05:32.404841+00,2025-10-04 13:05:32.404841+00,Courgettes fermentées en saumure
24,Chips de butternut séchées,homemade,1452,,séchage,90,,days,frais et sec,,2025-10-04 13:05:32.404841+00,2025-10-04 13:05:32.404841+00,Butternut tranché et déshydraté
25,Carottes lacto-fermentées,homemade,1301,,lacto-fermentation,90,,days,réfrigéré,,2025-10-04 13:05:32.404841+00,2025-10-04 13:05:32.404841+00,Carottes fermentées en saumure
26,Chips de carotte séchées,homemade,1301,,séchage,90,,days,frais et sec,,2025-10-04 13:05:32.404841+00,2025-10-04 13:05:32.404841+00,Carottes tranchées et déshydratées
27,Jus de carotte,homemade,1301,,extraction,3,,days,réfrigéré,,2025-10-04 13:05:32.404841+00,2025-10-04 13:05:32.404841+00,Jus extrait de carottes fraîches
28,Purée de carottes congelée,homemade,1301,,cuisson et congélation,180,,days,congélateur,,2025-10-04 13:05:32.404841+00,2025-10-04 13:05:32.404841+00,"Carottes cuites et mixées, congelées"
29,Carottes râpées sous vide,homemade,1301,,râpage et mise sous vide,7,,days,réfrigéré,,2025-10-04 13:05:32.404841+00,2025-10-04 13:05:32.404841+00,Carottes râpées fraîches sous vide
30,Choucroute crue,homemade,1351,,lacto-fermentation,120,,days,réfrigéré,,2025-10-04 13:05:32.404841+00,2025-10-04 13:05:32.404841+00,"Chou blanc lacto-fermenté, riche en probiotiques"
31,Chou blanc lacto-fermenté,homemade,1351,,lacto-fermentation,90,,days,réfrigéré,,2025-10-04 13:05:32.404841+00,2025-10-04 13:05:32.404841+00,Chou blanc fermenté en saumure
32,Purée de brocoli congelée,homemade,1352,,cuisson et congélation,180,,days,congélateur,,2025-10-04 13:05:32.404841+00,2025-10-04 13:05:32.404841+00,"Brocoli cuit et mixé, congelé"
33,Chips de chou séchées,homemade,1351,,séchage,60,,days,frais et sec,,2025-10-04 13:05:32.404841+00,2025-10-04 13:05:32.404841+00,Chou déshydraté et croustillant
34,Jus de chou,homemade,1351,,extraction,3,,days,réfrigéré,,2025-10-04 13:05:32.404841+00,2025-10-04 13:05:32.404841+00,Jus extrait de chou frais
35,Poudre d'oignon,homemade,1601,,séchage et broyage,365,,days,température ambiante,,2025-10-04 13:05:32.404841+00,2025-10-04 13:05:32.404841+00,Oignons séchés et réduits en poudre fine
36,Oignons caramélisés,homemade,1601,,cuisson lente,7,,days,réfrigéré,,2025-10-04 13:05:32.404841+00,2025-10-04 13:05:32.404841+00,Oignons cuits lentement jusqu'à caramélisation
37,Oignons confits,homemade,1601,,confisage,14,,days,réfrigéré,,2025-10-04 13:05:32.404841+00,2025-10-04 13:05:32.404841+00,Oignons confits dans l'huile
38,Ail confit,homemade,1602,,confisage,30,,days,réfrigéré,,2025-10-04 13:05:32.404841+00,2025-10-04 13:05:32.404841+00,Gousses d'ail confites dans l'huile
39,Poudre d'ail,homemade,1602,,séchage et broyage,365,,days,température ambiante,,2025-10-04 13:05:32.404841+00,2025-10-04 13:05:32.404841+00,Ail séché et réduit en poudre
40,Échalotes confites,homemade,1603,,confisage,14,,days,réfrigéré,,2025-10-04 13:05:32.404841+00,2025-10-04 13:05:32.404841+00,Échalotes confites dans l'huile
41,Salade lavée et essorée sous vide,homemade,1401,,lavage et emballage sous vide,5,,days,réfrigéré,,2025-10-04 13:05:32.404841+00,2025-10-04 13:05:32.404841+00,"Salade lavée, essorée et mise sous vide"
42,Salade cuite vapeur,homemade,1401,,cuisson vapeur,3,,days,réfrigéré,,2025-10-04 13:05:32.404841+00,2025-10-04 13:05:32.404841+00,Laitue cuite à la vapeur
43,Poudre de laitue séchée,homemade,1401,,séchage et broyage,180,,days,frais et sec,,2025-10-04 13:05:32.404841+00,2025-10-04 13:05:32.404841+00,Laitue séchée et réduite en poudre
44,Jus de laitue,homemade,1401,,extraction,2,,days,réfrigéré,,2025-10-04 13:05:32.404841+00,2025-10-04 13:05:32.404841+00,Jus extrait de laitue fraîche
45,Purée de pommes de terre congelée,homemade,1302,,cuisson et congélation,180,,days,congélateur,,2025-10-04 13:05:32.404841+00,2025-10-04 13:05:32.404841+00,"Pommes de terre cuites et mixées, congelées"
46,Chips de pommes de terre séchées,homemade,1302,,séchage,90,,days,frais et sec,,2025-10-04 13:05:32.404841+00,2025-10-04 13:05:32.404841+00,Pommes de terre tranchées et déshydratées
47,Frites surgelées maison,homemade,1302,,pré-cuisson et congélation,180,,days,congélateur,,2025-10-04 13:05:32.404841+00,2025-10-04 13:05:32.404841+00,Pommes de terre pré-cuites et congelées
48,Pâte de tomate séchée,homemade,1551,,séchage intense et broyage,365,30,days,frais et sec,,2025-10-04 13:05:32.404841+00,2025-10-04 13:05:32.404841+00,Tomates ultra-séchées et broyées en pâte
49,Poudre de brocoli,homemade,1352,,séchage et broyage,180,,days,frais et sec,,2025-10-04 13:05:32.404841+00,2025-10-04 13:05:32.404841+00,Brocoli séché et réduit en poudre
50,Courgettes déshydratées en dés,homemade,1451,,séchage,120,,days,frais et sec,,2025-10-04 13:05:32.404841+00,2025-10-04 13:05:32.404841+00,Courgettes coupées en dés et déshydratées
51,Pommes séchées,homemade,1001,,séchage,180,,days,frais et sec,,2025-10-04 13:07:06.100763+00,2025-10-04 13:07:06.100763+00,Pommes tranchées et déshydratées
52,Compote de pommes,homemade,1001,,cuisson,7,,days,réfrigéré,,2025-10-04 13:07:06.100763+00,2025-10-04 13:07:06.100763+00,Pommes cuites et écrasées
53,Compote de pommes stérilisée,homemade,1001,,cuisson et stérilisation,365,5,days,température ambiante,,2025-10-04 13:07:06.100763+00,2025-10-04 13:07:06.100763+00,Compote en bocaux stérilisés
54,Confiture de pommes,homemade,1001,,cuisson avec sucre,365,14,days,température ambiante,,2025-10-04 13:07:06.100763+00,2025-10-04 13:07:06.100763+00,Pommes cuites avec sucre jusqu'à gélification
55,Jus de pomme,homemade,1001,,extraction,5,,days,réfrigéré,,2025-10-04 13:07:06.100763+00,2025-10-04 13:07:06.100763+00,Jus extrait de pommes fraîches
56,Jus de pomme pasteurisé,homemade,1001,,extraction et pasteurisation,90,5,days,réfrigéré,,2025-10-04 13:07:06.100763+00,2025-10-04 13:07:06.100763+00,Jus de pomme pasteurisé en bouteille
57,Purée de pommes congelée,homemade,1001,,cuisson et congélation,180,,days,congélateur,,2025-10-04 13:07:06.100763+00,2025-10-04 13:07:06.100763+00,"Pommes cuites et mixées, congelées"
58,Chips de pomme séchées,homemade,1001,,séchage fin,120,,days,frais et sec,,2025-10-04 13:07:06.100763+00,2025-10-04 13:07:06.100763+00,Pommes finement tranchées et déshydratées
59,Pommes au four,homemade,1001,,cuisson four,3,,days,réfrigéré,,2025-10-04 13:07:06.100763+00,2025-10-04 13:07:06.100763+00,Pommes cuites au four
60,Gelée de pommes,homemade,1001,,extraction et cuisson avec sucre,365,14,days,température ambiante,,2025-10-04 13:07:06.100763+00,2025-10-04 13:07:06.100763+00,Gelée transparente à base de jus de pomme
61,Poires séchées,homemade,1002,,séchage,180,,days,frais et sec,,2025-10-04 13:07:06.100763+00,2025-10-04 13:07:06.100763+00,Poires tranchées et déshydratées
62,Compote de poires,homemade,1002,,cuisson,7,,days,réfrigéré,,2025-10-04 13:07:06.100763+00,2025-10-04 13:07:06.100763+00,Poires cuites et écrasées
63,Confiture de poires,homemade,1002,,cuisson avec sucre,365,14,days,température ambiante,,2025-10-04 13:07:06.100763+00,2025-10-04 13:07:06.100763+00,Poires cuites avec sucre
64,Jus de poire,homemade,1002,,extraction,5,,days,réfrigéré,,2025-10-04 13:07:06.100763+00,2025-10-04 13:07:06.100763+00,Jus extrait de poires fraîches
65,Poires au sirop maison,homemade,1002,,cuisson et mise en bocal,365,5,days,température ambiante,,2025-10-04 13:07:06.100763+00,2025-10-04 13:07:06.100763+00,Poires en morceaux dans sirop sucré stérilisé
66,Purée de poires congelée,homemade,1002,,cuisson et congélation,180,,days,congélateur,,2025-10-04 13:07:06.100763+00,2025-10-04 13:07:06.100763+00,"Poires cuites et mixées, congelées"
67,Abricots séchés,homemade,1006,,séchage,180,,days,frais et sec,,2025-10-04 13:07:06.100763+00,2025-10-04 13:07:06.100763+00,Abricots dénoyautés et déshydratés
68,Compote d'abricots,homemade,1006,,cuisson,7,,days,réfrigéré,,2025-10-04 13:07:06.100763+00,2025-10-04 13:07:06.100763+00,Abricots cuits et écrasés
69,Confiture d'abricots,homemade,1006,,cuisson avec sucre,365,14,days,température ambiante,,2025-10-04 13:07:06.100763+00,2025-10-04 13:07:06.100763+00,Abricots cuits avec sucre
70,Jus d'abricot,homemade,1006,,extraction,5,,days,réfrigéré,,2025-10-04 13:07:06.100763+00,2025-10-04 13:07:06.100763+00,Jus extrait d'abricots frais
71,Abricots au sirop maison,homemade,1006,,cuisson et mise en bocal,365,5,days,température ambiante,,2025-10-04 13:07:06.100763+00,2025-10-04 13:07:06.100763+00,Abricots en morceaux dans sirop stérilisé
72,Purée d'abricots congelée,homemade,1006,,cuisson et congélation,180,,days,congélateur,,2025-10-04 13:07:06.100763+00,2025-10-04 13:07:06.100763+00,"Abricots cuits et mixés, congelés"
73,Cerises séchées,homemade,1004,,séchage,180,,days,frais et sec,,2025-10-04 13:07:06.100763+00,2025-10-04 13:07:06.100763+00,Cerises dénoyautées et déshydratées
74,Compote de cerises,homemade,1004,,cuisson,7,,days,réfrigéré,,2025-10-04 13:07:06.100763+00,2025-10-04 13:07:06.100763+00,Cerises cuites et écrasées
75,Confiture de cerises,homemade,1004,,cuisson avec sucre,365,14,days,température ambiante,,2025-10-04 13:07:06.100763+00,2025-10-04 13:07:06.100763+00,Cerises cuites avec sucre
76,Jus de cerise,homemade,1004,,extraction,5,,days,réfrigéré,,2025-10-04 13:07:06.100763+00,2025-10-04 13:07:06.100763+00,Jus extrait de cerises fraîches
77,Cerises au sirop maison,homemade,1004,,cuisson et mise en bocal,365,5,days,température ambiante,,2025-10-04 13:07:06.100763+00,2025-10-04 13:07:06.100763+00,Cerises entières dans sirop stérilisé
78,Pêches séchées,homemade,1005,,séchage,180,,days,frais et sec,,2025-10-04 13:07:06.100763+00,2025-10-04 13:07:06.100763+00,Pêches tranchées et déshydratées
79,Compote de pêches,homemade,1005,,cuisson,7,,days,réfrigéré,,2025-10-04 13:07:06.100763+00,2025-10-04 13:07:06.100763+00,Pêches cuites et écrasées
80,Confiture de pêches,homemade,1005,,cuisson avec sucre,365,14,days,température ambiante,,2025-10-04 13:07:06.100763+00,2025-10-04 13:07:06.100763+00,Pêches cuites avec sucre
81,Jus de pêche,homemade,1005,,extraction,5,,days,réfrigéré,,2025-10-04 13:07:06.100763+00,2025-10-04 13:07:06.100763+00,Jus extrait de pêches fraîches
82,Pêches au sirop maison,homemade,1005,,cuisson et mise en bocal,365,5,days,température ambiante,,2025-10-04 13:07:06.100763+00,2025-10-04 13:07:06.100763+00,Pêches en morceaux dans sirop stérilisé
83,Pruneaux (prunes séchées),homemade,1003,,séchage,180,,days,frais et sec,,2025-10-04 13:07:06.100763+00,2025-10-04 13:07:06.100763+00,Prunes entières déshydratées
84,Compote de prunes,homemade,1003,,cuisson,7,,days,réfrigéré,,2025-10-04 13:07:06.100763+00,2025-10-04 13:07:06.100763+00,Prunes cuites et écrasées
85,Confiture de prunes,homemade,1003,,cuisson avec sucre,365,14,days,température ambiante,,2025-10-04 13:07:06.100763+00,2025-10-04 13:07:06.100763+00,Prunes cuites avec sucre
86,Jus de prune,homemade,1003,,extraction,5,,days,réfrigéré,,2025-10-04 13:07:06.100763+00,2025-10-04 13:07:06.100763+00,Jus extrait de prunes fraîches
87,Prunes au sirop maison,homemade,1003,,cuisson et mise en bocal,365,5,days,température ambiante,,2025-10-04 13:07:06.100763+00,2025-10-04 13:07:06.100763+00,Prunes entières dans sirop stérilisé
88,Fraises séchées,homemade,1201,,séchage,180,,days,frais et sec,,2025-10-04 13:07:06.100763+00,2025-10-04 13:07:06.100763+00,Fraises tranchées et déshydratées
89,Compote de fraises,homemade,1201,,cuisson,7,,days,réfrigéré,,2025-10-04 13:07:06.100763+00,2025-10-04 13:07:06.100763+00,Fraises cuites et écrasées
90,Confiture de fraises,homemade,1201,,cuisson avec sucre,365,14,days,température ambiante,,2025-10-04 13:07:06.100763+00,2025-10-04 13:07:06.100763+00,Fraises cuites avec sucre
91,Fraises congelées,homemade,1201,,congélation,270,,days,congélateur,,2025-10-04 13:07:06.100763+00,2025-10-04 13:07:06.100763+00,"Fraises entières ou coupées, congelées"
92,Coulis de fraises,homemade,1201,,mixage et filtrage,5,,days,réfrigéré,,2025-10-04 13:07:06.100763+00,2025-10-04 13:07:06.100763+00,Fraises mixées et filtrées en sauce liquide
93,Raisins secs,homemade,1207,,séchage,365,,days,frais et sec,,2025-10-04 13:07:06.100763+00,2025-10-04 13:07:06.100763+00,Raisins déshydratés
94,Confiture de raisin,homemade,1207,,cuisson avec sucre,365,14,days,température ambiante,,2025-10-04 13:07:06.100763+00,2025-10-04 13:07:06.100763+00,Raisins cuits avec sucre
95,Jus de raisin,homemade,1207,,extraction,5,,days,réfrigéré,,2025-10-04 13:07:06.100763+00,2025-10-04 13:07:06.100763+00,Jus extrait de raisins frais
96,Jus de raisin pasteurisé,homemade,1207,,extraction et pasteurisation,90,5,days,réfrigéré,,2025-10-04 13:07:06.100763+00,2025-10-04 13:07:06.100763+00,Jus de raisin pasteurisé en bouteille
97,Raisins congelés,homemade,1207,,congélation,270,,days,congélateur,,2025-10-04 13:07:06.100763+00,2025-10-04 13:07:06.100763+00,Raisins entiers congelés
98,Poudre de pomme,homemade,1001,,séchage et broyage,365,,days,frais et sec,,2025-10-04 13:07:06.100763+00,2025-10-04 13:07:06.100763+00,Pommes déshydratées et réduites en poudre
99,Poudre d'abricot,homemade,1006,,séchage et broyage,365,,days,frais et sec,,2025-10-04 13:07:06.100763+00,2025-10-04 13:07:06.100763+00,Abricots déshydratés et réduits en poudre
100,Gelée de cerise,homemade,1004,,extraction et cuisson avec sucre,365,14,days,température ambiante,,2025-10-04 13:07:06.100763+00,2025-10-04 13:07:06.100763+00,Gelée transparente à base de jus de cerise
101,Basilic séché,homemade,1802,,séchage,365,90,days,frais et sec,,2025-10-04 13:10:13.5716+00,2025-10-04 13:10:13.5716+00,Feuilles de basilic déshydratées
102,Basilic congelé haché,homemade,1802,,hachage et congélation,180,,days,congélateur,,2025-10-04 13:10:13.5716+00,2025-10-04 13:10:13.5716+00,Basilic frais haché et congelé
103,Basilic en poudre,homemade,1802,,séchage et broyage,365,90,days,frais et sec,,2025-10-04 13:10:13.5716+00,2025-10-04 13:10:13.5716+00,Basilic séché réduit en poudre fine
104,Huile de basilic infusée,homemade,1802,,infusion dans huile,90,30,days,réfrigéré,,2025-10-04 13:10:13.5716+00,2025-10-04 13:10:13.5716+00,Basilic frais infusé dans huile d'olive
105,Basilic lacto-fermenté,homemade,1802,,lacto-fermentation,90,,days,réfrigéré,,2025-10-04 13:10:13.5716+00,2025-10-04 13:10:13.5716+00,Basilic fermenté en saumure
106,Thym séché,homemade,1808,,séchage,730,180,days,frais et sec,,2025-10-04 13:10:13.5716+00,2025-10-04 13:10:13.5716+00,Branches de thym déshydratées
107,Thym en poudre,homemade,1808,,séchage et broyage,730,180,days,frais et sec,,2025-10-04 13:10:13.5716+00,2025-10-04 13:10:13.5716+00,Thym séché réduit en poudre
108,Thym congelé,homemade,1808,,congélation,180,,days,congélateur,,2025-10-04 13:10:13.5716+00,2025-10-04 13:10:13.5716+00,Branches de thym frais congelées
109,Sel au thym,homemade,1808,,séchage et mélange avec sel,365,,days,frais et sec,,2025-10-04 13:10:13.5716+00,2025-10-04 13:10:13.5716+00,Mélange de thym séché et sel
110,Romarin séché,homemade,1809,,séchage,730,180,days,frais et sec,,2025-10-04 13:10:13.5716+00,2025-10-04 13:10:13.5716+00,Branches de romarin déshydratées
111,Romarin en poudre,homemade,1809,,séchage et broyage,730,180,days,frais et sec,,2025-10-04 13:10:13.5716+00,2025-10-04 13:10:13.5716+00,Romarin séché réduit en poudre
112,Romarin congelé,homemade,1809,,congélation,180,,days,congélateur,,2025-10-04 13:10:13.5716+00,2025-10-04 13:10:13.5716+00,Branches de romarin frais congelées
113,Sel au romarin,homemade,1809,,séchage et mélange avec sel,365,,days,frais et sec,,2025-10-04 13:10:13.5716+00,2025-10-04 13:10:13.5716+00,Mélange de romarin séché et sel
114,Menthe séchée,homemade,1804,,séchage,365,90,days,frais et sec,,2025-10-04 13:10:13.5716+00,2025-10-04 13:10:13.5716+00,Feuilles de menthe déshydratées
115,Menthe en poudre,homemade,1804,,séchage et broyage,365,90,days,frais et sec,,2025-10-04 13:10:13.5716+00,2025-10-04 13:10:13.5716+00,Menthe séchée réduite en poudre
116,Menthe congelée,homemade,1804,,hachage et congélation,180,,days,congélateur,,2025-10-04 13:10:13.5716+00,2025-10-04 13:10:13.5716+00,Menthe fraîche hachée et congelée
117,Sirop de menthe,homemade,1804,,infusion et cuisson avec sucre,90,30,days,réfrigéré,,2025-10-04 13:10:13.5716+00,2025-10-04 13:10:13.5716+00,Sirop concentré à la menthe
118,Infusion de menthe concentrée,homemade,1804,,infusion et réduction,7,,days,réfrigéré,,2025-10-04 13:10:13.5716+00,2025-10-04 13:10:13.5716+00,Infusion de menthe réduite
119,Persil séché,homemade,1801,,séchage,365,90,days,frais et sec,,2025-10-04 13:10:13.5716+00,2025-10-04 13:10:13.5716+00,Feuilles de persil déshydratées
120,Persil en poudre,homemade,1801,,séchage et broyage,365,90,days,frais et sec,,2025-10-04 13:10:13.5716+00,2025-10-04 13:10:13.5716+00,Persil séché réduit en poudre
121,Persil congelé haché,homemade,1801,,hachage et congélation,180,,days,congélateur,,2025-10-04 13:10:13.5716+00,2025-10-04 13:10:13.5716+00,Persil frais haché et congelé
122,Sel au persil,homemade,1801,,séchage et mélange avec sel,365,,days,frais et sec,,2025-10-04 13:10:13.5716+00,2025-10-04 13:10:13.5716+00,Mélange de persil séché et sel
123,Coriandre séchée (feuilles),homemade,1803,,séchage,365,90,days,frais et sec,,2025-10-04 13:10:13.5716+00,2025-10-04 13:10:13.5716+00,Feuilles de coriandre déshydratées
124,Coriandre en poudre (feuilles),homemade,1803,,séchage et broyage,365,90,days,frais et sec,,2025-10-04 13:10:13.5716+00,2025-10-04 13:10:13.5716+00,Coriandre séchée réduite en poudre
125,Coriandre congelée,homemade,1803,,hachage et congélation,180,,days,congélateur,,2025-10-04 13:10:13.5716+00,2025-10-04 13:10:13.5716+00,Coriandre fraîche hachée et congelée
126,Graines de coriandre moulues,homemade,1803,,séchage et broyage des graines,730,180,days,frais et sec,,2025-10-04 13:10:13.5716+00,2025-10-04 13:10:13.5716+00,Graines de coriandre réduites en poudre
127,Aneth séché,homemade,1805,,séchage,365,90,days,frais et sec,,2025-10-04 13:10:13.5716+00,2025-10-04 13:10:13.5716+00,Brins d'aneth déshydratés
128,Aneth congelé,homemade,1805,,hachage et congélation,180,,days,congélateur,,2025-10-04 13:10:13.5716+00,2025-10-04 13:10:13.5716+00,Aneth frais haché et congelé
129,Aneth en poudre,homemade,1805,,séchage et broyage,365,90,days,frais et sec,,2025-10-04 13:10:13.5716+00,2025-10-04 13:10:13.5716+00,Aneth séché réduit en poudre
130,Graines d'aneth moulues,homemade,1805,,séchage et broyage des graines,730,180,days,frais et sec,,2025-10-04 13:10:13.5716+00,2025-10-04 13:10:13.5716+00,Graines d'aneth réduites en poudre
131,Ciboulette séchée,homemade,1605,,séchage,365,90,days,frais et sec,,2025-10-04 13:10:13.5716+00,2025-10-04 13:10:13.5716+00,Brins de ciboulette déshydratés
132,Ciboulette congelée,homemade,1605,,hachage et congélation,180,,days,congélateur,,2025-10-04 13:10:13.5716+00,2025-10-04 13:10:13.5716+00,Ciboulette fraîche hachée et congelée
133,Ciboulette lyophilisée,homemade,1605,,lyophilisation,730,180,days,frais et sec,,2025-10-04 13:10:13.5716+00,2025-10-04 13:10:13.5716+00,Ciboulette lyophilisée conservant couleur et arôme
134,Origan séché,homemade,1811,,séchage,730,180,days,frais et sec,,2025-10-04 13:10:13.5716+00,2025-10-04 13:10:13.5716+00,Feuilles d'origan déshydratées
135,Origan en poudre,homemade,1811,,séchage et broyage,730,180,days,frais et sec,,2025-10-04 13:10:13.5716+00,2025-10-04 13:10:13.5716+00,Origan séché réduit en poudre
136,Huile d'origan,homemade,1811,,infusion dans huile,90,30,days,réfrigéré,,2025-10-04 13:10:13.5716+00,2025-10-04 13:10:13.5716+00,Origan frais infusé dans huile d'olive
137,Sauge séchée,homemade,1810,,séchage,730,180,days,frais et sec,,2025-10-04 13:10:13.5716+00,2025-10-04 13:10:13.5716+00,Feuilles de sauge déshydratées
138,Sauge en poudre,homemade,1810,,séchage et broyage,730,180,days,frais et sec,,2025-10-04 13:10:13.5716+00,2025-10-04 13:10:13.5716+00,Sauge séchée réduite en poudre
139,Sel à la sauge,homemade,1810,,séchage et mélange avec sel,365,,days,frais et sec,,2025-10-04 13:10:13.5716+00,2025-10-04 13:10:13.5716+00,Mélange de sauge séchée et sel
140,Estragon séché,homemade,1807,,séchage,365,90,days,frais et sec,,2025-10-04 13:10:13.5716+00,2025-10-04 13:10:13.5716+00,Feuilles d'estragon déshydratées
141,Estragon congelé,homemade,1807,,hachage et congélation,180,,days,congélateur,,2025-10-04 13:10:13.5716+00,2025-10-04 13:10:13.5716+00,Estragon frais haché et congelé
142,Vinaigre à l'estragon,homemade,1807,,infusion dans vinaigre,365,90,days,température ambiante,,2025-10-04 13:10:13.5716+00,2025-10-04 13:10:13.5716+00,Estragon frais infusé dans vinaigre de vin
143,Laurier séché,homemade,1813,,séchage,730,180,days,frais et sec,,2025-10-04 13:10:13.5716+00,2025-10-04 13:10:13.5716+00,Feuilles de laurier déshydratées
144,Laurier en poudre,homemade,1813,,séchage et broyage,730,180,days,frais et sec,,2025-10-04 13:10:13.5716+00,2025-10-04 13:10:13.5716+00,Laurier séché réduit en poudre
145,Fenouil séché (herbe),homemade,1506,,séchage,365,90,days,frais et sec,,2025-10-04 13:10:13.5716+00,2025-10-04 13:10:13.5716+00,Feuilles de fenouil déshydratées
146,Fenouil en poudre,homemade,1506,,séchage et broyage,365,90,days,frais et sec,,2025-10-04 13:10:13.5716+00,2025-10-04 13:10:13.5716+00,Fenouil séché réduit en poudre
147,Graines de fenouil moulues,homemade,1506,,séchage et broyage des graines,730,180,days,frais et sec,,2025-10-04 13:10:13.5716+00,2025-10-04 13:10:13.5716+00,Graines de fenouil réduites en poudre
148,Fenouil congelé,homemade,1506,,hachage et congélation,180,,days,congélateur,,2025-10-04 13:10:13.5716+00,2025-10-04 13:10:13.5716+00,Fenouil frais haché et congelé
149,Verveine séchée,homemade,8102,,séchage,365,90,days,frais et sec,,2025-10-04 13:10:13.5716+00,2025-10-04 13:10:13.5716+00,Feuilles de verveine déshydratées pour infusion
150,Sirop de verveine,homemade,8102,,infusion et cuisson avec sucre,90,30,days,réfrigéré,,2025-10-04 13:10:13.5716+00,2025-10-04 13:10:13.5716+00,Sirop concentré à la verveine
185,Lait entier UHT,commercial,3001,,,90,3,days,température ambiante puis réfrigéré,"{""fat_g_per_100g"":3.6,""carbs_g_per_100g"":4.8,""sugar_g_per_100g"":4.8,""calories_per_100g"":64,""protein_g_per_100g"":3.2,""calcium_mg_per_100g"":120}",2025-10-04 17:24:01.602539+00,2025-10-04 17:24:01.602539+00,
186,Lait demi-écrémé UHT,commercial,3001,,,90,3,days,température ambiante puis réfrigéré,"{""fat_g_per_100g"":1.6,""carbs_g_per_100g"":4.8,""sugar_g_per_100g"":4.8,""calories_per_100g"":46,""protein_g_per_100g"":3.3,""calcium_mg_per_100g"":120}",2025-10-04 17:24:01.602539+00,2025-10-04 17:24:01.602539+00,
187,Lait écrémé UHT,commercial,3001,,,90,3,days,température ambiante puis réfrigéré,"{""fat_g_per_100g"":0.2,""carbs_g_per_100g"":5,""sugar_g_per_100g"":5,""calories_per_100g"":35,""protein_g_per_100g"":3.4,""calcium_mg_per_100g"":125}",2025-10-04 17:24:01.602539+00,2025-10-04 17:24:01.602539+00,
188,Lait entier frais,commercial,3001,,,7,3,days,réfrigéré,"{""fat_g_per_100g"":3.6,""carbs_g_per_100g"":4.8,""sugar_g_per_100g"":4.8,""calories_per_100g"":64,""protein_g_per_100g"":3.2,""calcium_mg_per_100g"":120}",2025-10-04 17:24:01.602539+00,2025-10-04 17:24:01.602539+00,
189,Lait demi-écrémé frais,commercial,3001,,,7,3,days,réfrigéré,"{""fat_g_per_100g"":1.6,""carbs_g_per_100g"":4.8,""sugar_g_per_100g"":4.8,""calories_per_100g"":46,""protein_g_per_100g"":3.3,""calcium_mg_per_100g"":120}",2025-10-04 17:24:01.602539+00,2025-10-04 17:24:01.602539+00,
190,Lait écrémé frais,commercial,3001,,,7,3,days,réfrigéré,"{""fat_g_per_100g"":0.2,""carbs_g_per_100g"":5,""sugar_g_per_100g"":5,""calories_per_100g"":35,""protein_g_per_100g"":3.4,""calcium_mg_per_100g"":125}",2025-10-04 17:24:01.602539+00,2025-10-04 17:24:01.602539+00,
191,Lait concentré non sucré,commercial,3001,,,365,5,days,température ambiante puis réfrigéré,"{""fat_g_per_100g"":7.8,""carbs_g_per_100g"":10,""sugar_g_per_100g"":10,""calories_per_100g"":134,""protein_g_per_100g"":6.8,""calcium_mg_per_100g"":260}",2025-10-04 17:24:01.602539+00,2025-10-04 17:24:01.602539+00,
192,Lait concentré sucré,commercial,3001,,,365,7,days,température ambiante puis réfrigéré,"{""fat_g_per_100g"":8.7,""carbs_g_per_100g"":54,""sugar_g_per_100g"":54,""calories_per_100g"":321,""protein_g_per_100g"":7.9,""calcium_mg_per_100g"":280}",2025-10-04 17:24:01.602539+00,2025-10-04 17:24:01.602539+00,
193,Lait en poudre,commercial,3001,,,730,30,days,frais et sec,"{""fat_g_per_100g"":26.7,""carbs_g_per_100g"":38,""sugar_g_per_100g"":38,""calories_per_100g"":496,""protein_g_per_100g"":26,""calcium_mg_per_100g"":950}",2025-10-04 17:24:01.602539+00,2025-10-04 17:24:01.602539+00,
194,Lait sans lactose,commercial,3001,,,90,3,days,température ambiante puis réfrigéré,"{""fat_g_per_100g"":1.6,""carbs_g_per_100g"":4.8,""sugar_g_per_100g"":4.8,""calories_per_100g"":46,""protein_g_per_100g"":3.3,""calcium_mg_per_100g"":120}",2025-10-04 17:24:01.602539+00,2025-10-04 17:24:01.602539+00,
195,Crème liquide 30%,commercial,3001,,,30,3,days,réfrigéré,"{""fat_g_per_100g"":30,""carbs_g_per_100g"":3.4,""sugar_g_per_100g"":3.4,""calories_per_100g"":298,""protein_g_per_100g"":2.3,""calcium_mg_per_100g"":80}",2025-10-04 17:24:01.602539+00,2025-10-04 17:24:01.602539+00,
196,Crème liquide 15%,commercial,3001,,,30,3,days,réfrigéré,"{""fat_g_per_100g"":15,""carbs_g_per_100g"":4,""sugar_g_per_100g"":4,""calories_per_100g"":158,""protein_g_per_100g"":2.8,""calcium_mg_per_100g"":95}",2025-10-04 17:24:01.602539+00,2025-10-04 17:24:01.602539+00,
197,Crème épaisse 35%,commercial,3001,,,30,5,days,réfrigéré,"{""fat_g_per_100g"":35,""carbs_g_per_100g"":3.2,""sugar_g_per_100g"":3.2,""calories_per_100g"":345,""protein_g_per_100g"":2.1,""calcium_mg_per_100g"":75}",2025-10-04 17:24:01.602539+00,2025-10-04 17:24:01.602539+00,
198,Crème fraîche épaisse,commercial,3001,,,30,5,days,réfrigéré,"{""fat_g_per_100g"":30,""carbs_g_per_100g"":3.4,""sugar_g_per_100g"":3.4,""calories_per_100g"":298,""protein_g_per_100g"":2.3,""calcium_mg_per_100g"":80}",2025-10-04 17:24:01.602539+00,2025-10-04 17:24:01.602539+00,
199,Crème fraîche légère,commercial,3001,,,30,5,days,réfrigéré,"{""fat_g_per_100g"":18,""carbs_g_per_100g"":3.8,""sugar_g_per_100g"":3.8,""calories_per_100g"":192,""protein_g_per_100g"":2.6,""calcium_mg_per_100g"":85}",2025-10-04 17:24:01.602539+00,2025-10-04 17:24:01.602539+00,
200,Crème UHT liquide,commercial,3001,,,90,3,days,température ambiante puis réfrigéré,"{""fat_g_per_100g"":30,""carbs_g_per_100g"":3.4,""sugar_g_per_100g"":3.4,""calories_per_100g"":298,""protein_g_per_100g"":2.3,""calcium_mg_per_100g"":80}",2025-10-04 17:24:01.602539+00,2025-10-04 17:24:01.602539+00,
201,Crème fouettée en bombe,commercial,3001,,,60,3,days,réfrigéré,"{""fat_g_per_100g"":25,""carbs_g_per_100g"":7.5,""sugar_g_per_100g"":7.5,""calories_per_100g"":257,""protein_g_per_100g"":2.2,""calcium_mg_per_100g"":70}",2025-10-04 17:24:01.602539+00,2025-10-04 17:24:01.602539+00,
202,Crème anglaise,commercial,3001,,,30,3,days,réfrigéré,"{""fat_g_per_100g"":4.2,""carbs_g_per_100g"":19.5,""sugar_g_per_100g"":15,""calories_per_100g"":130,""protein_g_per_100g"":3,""calcium_mg_per_100g"":100}",2025-10-04 17:24:01.602539+00,2025-10-04 17:24:01.602539+00,
203,Chantilly,commercial,3001,,,60,3,days,réfrigéré,"{""fat_g_per_100g"":32,""carbs_g_per_100g"":10,""sugar_g_per_100g"":10,""calories_per_100g"":330,""protein_g_per_100g"":2,""calcium_mg_per_100g"":65}",2025-10-04 17:24:01.602539+00,2025-10-04 17:24:01.602539+00,
204,Beurre doux,commercial,3001,,,60,14,days,réfrigéré,"{""fat_g_per_100g"":81,""carbs_g_per_100g"":0.7,""sugar_g_per_100g"":0.7,""calories_per_100g"":717,""protein_g_per_100g"":0.9,""sodium_mg_per_100g"":11,""calcium_mg_per_100g"":24}",2025-10-04 17:24:01.602539+00,2025-10-04 17:24:01.602539+00,
205,Yaourt nature entier,commercial,3001,,,30,5,days,réfrigéré,"{""fat_g_per_100g"":3.25,""carbs_g_per_100g"":4.7,""sugar_g_per_100g"":4.7,""calories_per_100g"":61,""protein_g_per_100g"":3.5,""calcium_mg_per_100g"":142}",2025-10-04 17:24:01.602539+00,2025-10-04 17:24:01.602539+00,
206,Yaourt nature 0%,commercial,3001,,,30,5,days,réfrigéré,"{""fat_g_per_100g"":0.1,""carbs_g_per_100g"":5.5,""sugar_g_per_100g"":5.5,""calories_per_100g"":44,""protein_g_per_100g"":4.5,""calcium_mg_per_100g"":150}",2025-10-04 17:24:01.602539+00,2025-10-04 17:24:01.602539+00,
207,Yaourt nature brassé,commercial,3001,,,30,5,days,réfrigéré,"{""fat_g_per_100g"":3.4,""carbs_g_per_100g"":4.6,""sugar_g_per_100g"":4.6,""calories_per_100g"":63,""protein_g_per_100g"":3.4,""calcium_mg_per_100g"":140}",2025-10-04 17:24:01.602539+00,2025-10-04 17:24:01.602539+00,
208,Yaourt grec nature,commercial,3001,,,30,5,days,réfrigéré,"{""fat_g_per_100g"":5,""carbs_g_per_100g"":3.8,""sugar_g_per_100g"":3.8,""calories_per_100g"":97,""protein_g_per_100g"":9,""calcium_mg_per_100g"":115}",2025-10-04 17:24:01.602539+00,2025-10-04 17:24:01.602539+00,
209,Yaourt grec 0%,commercial,3001,,,30,5,days,réfrigéré,"{""fat_g_per_100g"":0.4,""carbs_g_per_100g"":4,""sugar_g_per_100g"":4,""calories_per_100g"":57,""protein_g_per_100g"":10,""calcium_mg_per_100g"":120}",2025-10-04 17:24:01.602539+00,2025-10-04 17:24:01.602539+00,
210,Yaourt lait de brebis,commercial,3001,,,30,5,days,réfrigéré,"{""fat_g_per_100g"":6.5,""carbs_g_per_100g"":4.9,""sugar_g_per_100g"":4.9,""calories_per_100g"":99,""protein_g_per_100g"":5.5,""calcium_mg_per_100g"":180}",2025-10-04 17:24:01.602539+00,2025-10-04 17:24:01.602539+00,
211,Yaourt lait de chèvre,commercial,3001,,,30,5,days,réfrigéré,"{""fat_g_per_100g"":3.8,""carbs_g_per_100g"":4.5,""sugar_g_per_100g"":4.5,""calories_per_100g"":66,""protein_g_per_100g"":3.6,""calcium_mg_per_100g"":130}",2025-10-04 17:24:01.602539+00,2025-10-04 17:24:01.602539+00,
212,Skyr nature,commercial,3001,,,30,5,days,réfrigéré,"{""fat_g_per_100g"":0.2,""carbs_g_per_100g"":4,""sugar_g_per_100g"":4,""calories_per_100g"":63,""protein_g_per_100g"":11,""calcium_mg_per_100g"":150}",2025-10-04 17:24:01.602539+00,2025-10-04 17:24:01.602539+00,
213,Yaourt vanille,commercial,3001,,,30,5,days,réfrigéré,"{""fat_g_per_100g"":2.9,""carbs_g_per_100g"":12.5,""sugar_g_per_100g"":11,""calories_per_100g"":90,""protein_g_per_100g"":3.2,""calcium_mg_per_100g"":130}",2025-10-04 17:24:01.602539+00,2025-10-04 17:24:01.602539+00,
214,Yaourt aux fruits,commercial,3001,,,30,5,days,réfrigéré,"{""fat_g_per_100g"":2.8,""carbs_g_per_100g"":14,""sugar_g_per_100g"":12.5,""calories_per_100g"":95,""protein_g_per_100g"":3,""calcium_mg_per_100g"":125}",2025-10-04 17:24:01.602539+00,2025-10-04 17:24:01.602539+00,
215,Fromage blanc 0%,commercial,3001,,,30,5,days,réfrigéré,"{""fat_g_per_100g"":0.2,""carbs_g_per_100g"":4,""sugar_g_per_100g"":4,""calories_per_100g"":46,""protein_g_per_100g"":7.5,""calcium_mg_per_100g"":110}",2025-10-04 17:24:01.602539+00,2025-10-04 17:24:01.602539+00,
216,Fromage blanc 20%,commercial,3001,,,30,5,days,réfrigéré,"{""fat_g_per_100g"":4.5,""carbs_g_per_100g"":3.5,""sugar_g_per_100g"":3.5,""calories_per_100g"":98,""protein_g_per_100g"":7,""calcium_mg_per_100g"":105}",2025-10-04 17:24:01.602539+00,2025-10-04 17:24:01.602539+00,
217,Fromage blanc 40%,commercial,3001,,,30,5,days,réfrigéré,"{""fat_g_per_100g"":7.5,""carbs_g_per_100g"":3,""sugar_g_per_100g"":3,""calories_per_100g"":116,""protein_g_per_100g"":6.5,""calcium_mg_per_100g"":100}",2025-10-04 17:24:01.602539+00,2025-10-04 17:24:01.602539+00,
218,Petit-suisse,commercial,3001,,,30,3,days,réfrigéré,"{""fat_g_per_100g"":9,""carbs_g_per_100g"":5,""sugar_g_per_100g"":5,""calories_per_100g"":135,""protein_g_per_100g"":7,""calcium_mg_per_100g"":120}",2025-10-04 17:24:01.602539+00,2025-10-04 17:24:01.602539+00,
219,Faisselle,commercial,3001,,,30,3,days,réfrigéré,"{""fat_g_per_100g"":7,""carbs_g_per_100g"":3.5,""sugar_g_per_100g"":3.5,""calories_per_100g"":115,""protein_g_per_100g"":7.5,""calcium_mg_per_100g"":105}",2025-10-04 17:24:01.602539+00,2025-10-04 17:24:01.602539+00,
220,Lait de soja,commercial,4104,,,90,5,days,température ambiante puis réfrigéré,"{""fat_g_per_100g"":1.8,""carbs_g_per_100g"":2.5,""sugar_g_per_100g"":2,""calories_per_100g"":40,""protein_g_per_100g"":3.3,""calcium_mg_per_100g"":120}",2025-10-04 17:24:01.602539+00,2025-10-04 17:24:01.602539+00,
221,Lait d'amande,commercial,5004,,,90,5,days,température ambiante puis réfrigéré,"{""fat_g_per_100g"":1.1,""carbs_g_per_100g"":3.8,""sugar_g_per_100g"":3,""calories_per_100g"":24,""protein_g_per_100g"":0.5,""calcium_mg_per_100g"":120}",2025-10-04 17:24:01.602539+00,2025-10-04 17:24:01.602539+00,
222,Lait d'avoine,commercial,4003,,,90,5,days,température ambiante puis réfrigéré,"{""fat_g_per_100g"":0.9,""carbs_g_per_100g"":8.5,""sugar_g_per_100g"":4.1,""calories_per_100g"":43,""protein_g_per_100g"":0.3,""calcium_mg_per_100g"":120}",2025-10-04 17:24:01.602539+00,2025-10-04 17:24:01.602539+00,
223,Lait de riz,commercial,4002,,,90,5,days,température ambiante puis réfrigéré,"{""fat_g_per_100g"":1,""carbs_g_per_100g"":9.2,""sugar_g_per_100g"":4,""calories_per_100g"":47,""protein_g_per_100g"":0.3,""calcium_mg_per_100g"":120}",2025-10-04 17:24:01.602539+00,2025-10-04 17:24:01.602539+00,
224,Lait de coco,commercial,1156,,,90,5,days,température ambiante puis réfrigéré,"{""fat_g_per_100g"":5.8,""carbs_g_per_100g"":2.8,""sugar_g_per_100g"":2,""calories_per_100g"":67,""protein_g_per_100g"":0.5,""calcium_mg_per_100g"":16}",2025-10-04 17:24:01.602539+00,2025-10-04 17:24:01.602539+00,
225,Crème de soja,commercial,4104,,,90,5,days,température ambiante puis réfrigéré,"{""fat_g_per_100g"":13,""carbs_g_per_100g"":3.5,""sugar_g_per_100g"":2.5,""calories_per_100g"":142,""protein_g_per_100g"":2.5,""calcium_mg_per_100g"":30}",2025-10-04 17:24:01.602539+00,2025-10-04 17:24:01.602539+00,
226,Crème d'avoine,commercial,4003,,,90,5,days,température ambiante puis réfrigéré,"{""fat_g_per_100g"":15,""carbs_g_per_100g"":4.5,""sugar_g_per_100g"":1.5,""calories_per_100g"":152,""protein_g_per_100g"":1,""calcium_mg_per_100g"":25}",2025-10-04 17:24:01.602539+00,2025-10-04 17:24:01.602539+00,
227,Kéfir,commercial,3001,,,30,5,days,réfrigéré,"{""fat_g_per_100g"":1,""carbs_g_per_100g"":4.8,""sugar_g_per_100g"":4.8,""calories_per_100g"":41,""protein_g_per_100g"":3.3,""calcium_mg_per_100g"":120}",2025-10-04 17:24:01.602539+00,2025-10-04 17:24:01.602539+00,
228,Lait fermenté,commercial,3001,,,30,5,days,réfrigéré,"{""fat_g_per_100g"":1.2,""carbs_g_per_100g"":5,""sugar_g_per_100g"":5,""calories_per_100g"":45,""protein_g_per_100g"":3.5,""calcium_mg_per_100g"":125}",2025-10-04 17:24:01.602539+00,2025-10-04 17:24:01.602539+00,
229,Lait ribot,commercial,3001,,,30,5,days,réfrigéré,"{""fat_g_per_100g"":1,""carbs_g_per_100g"":4.7,""sugar_g_per_100g"":4.7,""calories_per_100g"":40,""protein_g_per_100g"":3.4,""calcium_mg_per_100g"":120}",2025-10-04 17:24:01.602539+00,2025-10-04 17:24:01.602539+00,
230,Cottage cheese,commercial,3001,,,30,5,days,réfrigéré,"{""fat_g_per_100g"":4.3,""carbs_g_per_100g"":3.4,""sugar_g_per_100g"":2.7,""calories_per_100g"":98,""protein_g_per_100g"":11,""calcium_mg_per_100g"":83}",2025-10-04 17:24:01.602539+00,2025-10-04 17:24:01.602539+00,
231,Ricotta,commercial,3001,,,21,3,days,réfrigéré,"{""fat_g_per_100g"":13,""carbs_g_per_100g"":3,""sugar_g_per_100g"":0.3,""calories_per_100g"":174,""protein_g_per_100g"":11.3,""calcium_mg_per_100g"":207}",2025-10-04 17:24:01.602539+00,2025-10-04 17:24:01.602539+00,
232,Mascarpone,commercial,3001,,,30,3,days,réfrigéré,"{""fat_g_per_100g"":44,""carbs_g_per_100g"":4.8,""sugar_g_per_100g"":3,""calories_per_100g"":429,""protein_g_per_100g"":4.8,""calcium_mg_per_100g"":60}",2025-10-04 17:24:01.602539+00,2025-10-04 17:24:01.602539+00,
233,Cream cheese,commercial,3001,,,60,7,days,réfrigéré,"{""fat_g_per_100g"":34.2,""carbs_g_per_100g"":4.1,""sugar_g_per_100g"":3.2,""calories_per_100g"":342,""protein_g_per_100g"":5.9,""calcium_mg_per_100g"":98}",2025-10-04 17:24:01.602539+00,2025-10-04 17:24:01.602539+00,
234,Fromage à tartiner nature,commercial,3001,,,60,7,days,réfrigéré,"{""fat_g_per_100g"":25,""carbs_g_per_100g"":5,""sugar_g_per_100g"":4,""calories_per_100g"":285,""protein_g_per_100g"":9,""calcium_mg_per_100g"":110}",2025-10-04 17:24:01.602539+00,2025-10-04 17:24:01.602539+00,
235,Bûche de chèvre fraîche,commercial,3001,,,21,5,days,réfrigéré,"{""fat_g_per_100g"":17,""carbs_g_per_100g"":2.5,""sugar_g_per_100g"":2.5,""calories_per_100g"":210,""protein_g_per_100g"":13,""sodium_mg_per_100g"":350,""calcium_mg_per_100g"":100}",2025-10-04 17:25:53.774151+00,2025-10-04 17:25:53.774151+00,
236,Bûche de chèvre demi-sec,commercial,3001,,,45,7,days,réfrigéré,"{""fat_g_per_100g"":21,""carbs_g_per_100g"":2,""sugar_g_per_100g"":2,""calories_per_100g"":268,""protein_g_per_100g"":19,""sodium_mg_per_100g"":450,""calcium_mg_per_100g"":150}",2025-10-04 17:25:53.774151+00,2025-10-04 17:25:53.774151+00,
237,Bûche de chèvre sec,commercial,3001,,,60,10,days,réfrigéré,"{""fat_g_per_100g"":25,""carbs_g_per_100g"":1.5,""sugar_g_per_100g"":1.5,""calories_per_100g"":320,""protein_g_per_100g"":23,""sodium_mg_per_100g"":550,""calcium_mg_per_100g"":200}",2025-10-04 17:25:53.774151+00,2025-10-04 17:25:53.774151+00,
238,Crottin de chèvre,commercial,3001,,,45,7,days,réfrigéré,"{""fat_g_per_100g"":22,""carbs_g_per_100g"":2,""sugar_g_per_100g"":2,""calories_per_100g"":285,""protein_g_per_100g"":20,""sodium_mg_per_100g"":500,""calcium_mg_per_100g"":180}",2025-10-04 17:25:53.774151+00,2025-10-04 17:25:53.774151+00,
239,Sainte-Maure,commercial,3001,,,45,7,days,réfrigéré,"{""fat_g_per_100g"":23,""carbs_g_per_100g"":2,""sugar_g_per_100g"":2,""calories_per_100g"":290,""protein_g_per_100g"":19.5,""sodium_mg_per_100g"":480,""calcium_mg_per_100g"":170}",2025-10-04 17:25:53.774151+00,2025-10-04 17:25:53.774151+00,
240,Camembert,commercial,3001,,,45,7,days,réfrigéré,"{""fat_g_per_100g"":23,""carbs_g_per_100g"":0.5,""sugar_g_per_100g"":0.5,""calories_per_100g"":280,""protein_g_per_100g"":20,""sodium_mg_per_100g"":842,""calcium_mg_per_100g"":388}",2025-10-04 17:25:53.774151+00,2025-10-04 17:25:53.774151+00,
241,Brie,commercial,3001,,,45,7,days,réfrigéré,"{""fat_g_per_100g"":28,""carbs_g_per_100g"":0.5,""sugar_g_per_100g"":0.5,""calories_per_100g"":334,""protein_g_per_100g"":21,""sodium_mg_per_100g"":629,""calcium_mg_per_100g"":184}",2025-10-04 17:25:53.774151+00,2025-10-04 17:25:53.774151+00,
242,Coulommiers,commercial,3001,,,45,7,days,réfrigéré,"{""fat_g_per_100g"":23,""carbs_g_per_100g"":0.5,""sugar_g_per_100g"":0.5,""calories_per_100g"":280,""protein_g_per_100g"":19,""sodium_mg_per_100g"":750,""calcium_mg_per_100g"":350}",2025-10-04 17:25:53.774151+00,2025-10-04 17:25:53.774151+00,
243,Chaource,commercial,3001,,,45,7,days,réfrigéré,"{""fat_g_per_100g"":26,""carbs_g_per_100g"":0.5,""sugar_g_per_100g"":0.5,""calories_per_100g"":310,""protein_g_per_100g"":18,""sodium_mg_per_100g"":700,""calcium_mg_per_100g"":320}",2025-10-04 17:25:53.774151+00,2025-10-04 17:25:53.774151+00,
244,Saint-Marcellin,commercial,3001,,,30,5,days,réfrigéré,"{""fat_g_per_100g"":25,""carbs_g_per_100g"":1,""sugar_g_per_100g"":1,""calories_per_100g"":300,""protein_g_per_100g"":19,""sodium_mg_per_100g"":650,""calcium_mg_per_100g"":280}",2025-10-04 17:25:53.774151+00,2025-10-04 17:25:53.774151+00,
245,Brillat-Savarin,commercial,3001,,,30,5,days,réfrigéré,"{""fat_g_per_100g"":36,""carbs_g_per_100g"":0.3,""sugar_g_per_100g"":0.3,""calories_per_100g"":380,""protein_g_per_100g"":15,""sodium_mg_per_100g"":450,""calcium_mg_per_100g"":250}",2025-10-04 17:25:53.774151+00,2025-10-04 17:25:53.774151+00,
246,Neufchâtel,commercial,3001,,,45,7,days,réfrigéré,"{""fat_g_per_100g"":22,""carbs_g_per_100g"":0.5,""sugar_g_per_100g"":0.5,""calories_per_100g"":275,""protein_g_per_100g"":20,""sodium_mg_per_100g"":720,""calcium_mg_per_100g"":340}",2025-10-04 17:25:53.774151+00,2025-10-04 17:25:53.774151+00,
247,Explorateur,commercial,3001,,,30,5,days,réfrigéré,"{""fat_g_per_100g"":40,""carbs_g_per_100g"":0.2,""sugar_g_per_100g"":0.2,""calories_per_100g"":410,""protein_g_per_100g"":14,""sodium_mg_per_100g"":400,""calcium_mg_per_100g"":200}",2025-10-04 17:25:53.774151+00,2025-10-04 17:25:53.774151+00,
248,Munster,commercial,3001,,,45,7,days,réfrigéré,"{""fat_g_per_100g"":26,""carbs_g_per_100g"":0.6,""sugar_g_per_100g"":0.6,""calories_per_100g"":315,""protein_g_per_100g"":20,""sodium_mg_per_100g"":1200,""calcium_mg_per_100g"":420}",2025-10-04 17:25:53.774151+00,2025-10-04 17:25:53.774151+00,
249,Époisses,commercial,3001,,,45,5,days,réfrigéré,"{""fat_g_per_100g"":28,""carbs_g_per_100g"":0.5,""sugar_g_per_100g"":0.5,""calories_per_100g"":330,""protein_g_per_100g"":21,""sodium_mg_per_100g"":1350,""calcium_mg_per_100g"":380}",2025-10-04 17:25:53.774151+00,2025-10-04 17:25:53.774151+00,
250,Maroilles,commercial,3001,,,60,7,days,réfrigéré,"{""fat_g_per_100g"":28,""carbs_g_per_100g"":0.3,""sugar_g_per_100g"":0.3,""calories_per_100g"":340,""protein_g_per_100g"":23,""sodium_mg_per_100g"":1400,""calcium_mg_per_100g"":500}",2025-10-04 17:25:53.774151+00,2025-10-04 17:25:53.774151+00,
251,Pont-l'Évêque,commercial,3001,,,45,7,days,réfrigéré,"{""fat_g_per_100g"":24,""carbs_g_per_100g"":0.5,""sugar_g_per_100g"":0.5,""calories_per_100g"":292,""protein_g_per_100g"":21,""sodium_mg_per_100g"":980,""calcium_mg_per_100g"":350}",2025-10-04 17:25:53.774151+00,2025-10-04 17:25:53.774151+00,
252,Livarot,commercial,3001,,,60,7,days,réfrigéré,"{""fat_g_per_100g"":27,""carbs_g_per_100g"":0.5,""sugar_g_per_100g"":0.5,""calories_per_100g"":330,""protein_g_per_100g"":23,""sodium_mg_per_100g"":1250,""calcium_mg_per_100g"":480}",2025-10-04 17:25:53.774151+00,2025-10-04 17:25:53.774151+00,
253,Reblochon,commercial,3001,,,45,7,days,réfrigéré,"{""fat_g_per_100g"":27,""carbs_g_per_100g"":0.5,""sugar_g_per_100g"":0.5,""calories_per_100g"":325,""protein_g_per_100g"":19,""sodium_mg_per_100g"":480,""calcium_mg_per_100g"":550}",2025-10-04 17:25:53.774151+00,2025-10-04 17:25:53.774151+00,
254,Mont d'Or,commercial,3001,,,30,5,days,réfrigéré,"{""fat_g_per_100g"":27,""carbs_g_per_100g"":0.3,""sugar_g_per_100g"":0.3,""calories_per_100g"":320,""protein_g_per_100g"":20,""sodium_mg_per_100g"":680,""calcium_mg_per_100g"":450}",2025-10-04 17:25:53.774151+00,2025-10-04 17:25:53.774151+00,
255,Vacherin,commercial,3001,,,30,5,days,réfrigéré,"{""fat_g_per_100g"":26.5,""carbs_g_per_100g"":0.4,""sugar_g_per_100g"":0.4,""calories_per_100g"":315,""protein_g_per_100g"":19.5,""sodium_mg_per_100g"":650,""calcium_mg_per_100g"":420}",2025-10-04 17:25:53.774151+00,2025-10-04 17:25:53.774151+00,
256,Cantal,commercial,3001,,,90,14,days,réfrigéré,"{""fat_g_per_100g"":30,""carbs_g_per_100g"":0.5,""sugar_g_per_100g"":0.5,""calories_per_100g"":370,""protein_g_per_100g"":25,""sodium_mg_per_100g"":650,""calcium_mg_per_100g"":720}",2025-10-04 17:25:53.774151+00,2025-10-04 17:25:53.774151+00,
257,Saint-Nectaire,commercial,3001,,,60,10,days,réfrigéré,"{""fat_g_per_100g"":27,""carbs_g_per_100g"":0.5,""sugar_g_per_100g"":0.5,""calories_per_100g"":340,""protein_g_per_100g"":23,""sodium_mg_per_100g"":520,""calcium_mg_per_100g"":600}",2025-10-04 17:25:53.774151+00,2025-10-04 17:25:53.774151+00,
258,Morbier,commercial,3001,,,60,10,days,réfrigéré,"{""fat_g_per_100g"":26,""carbs_g_per_100g"":0.4,""sugar_g_per_100g"":0.4,""calories_per_100g"":330,""protein_g_per_100g"":24,""sodium_mg_per_100g"":580,""calcium_mg_per_100g"":650}",2025-10-04 17:25:53.774151+00,2025-10-04 17:25:53.774151+00,
259,Tomme de Savoie,commercial,3001,,,90,14,days,réfrigéré,"{""fat_g_per_100g"":27,""carbs_g_per_100g"":1,""sugar_g_per_100g"":1,""calories_per_100g"":350,""protein_g_per_100g"":26,""sodium_mg_per_100g"":450,""calcium_mg_per_100g"":700}",2025-10-04 17:25:53.774151+00,2025-10-04 17:25:53.774151+00,
260,Raclette,commercial,3001,,,60,10,days,réfrigéré,"{""fat_g_per_100g"":29,""carbs_g_per_100g"":0.5,""sugar_g_per_100g"":0.5,""calories_per_100g"":360,""protein_g_per_100g"":25,""sodium_mg_per_100g"":500,""calcium_mg_per_100g"":550}",2025-10-04 17:25:53.774151+00,2025-10-04 17:25:53.774151+00,
261,Cheddar,commercial,3001,,,90,14,days,réfrigéré,"{""fat_g_per_100g"":33,""carbs_g_per_100g"":1.3,""sugar_g_per_100g"":0.5,""calories_per_100g"":403,""protein_g_per_100g"":25,""sodium_mg_per_100g"":621,""calcium_mg_per_100g"":721}",2025-10-04 17:25:53.774151+00,2025-10-04 17:25:53.774151+00,
262,Gouda,commercial,3001,,,90,14,days,réfrigéré,"{""fat_g_per_100g"":28,""carbs_g_per_100g"":2.2,""sugar_g_per_100g"":2.2,""calories_per_100g"":356,""protein_g_per_100g"":25,""sodium_mg_per_100g"":819,""calcium_mg_per_100g"":700}",2025-10-04 17:25:53.774151+00,2025-10-04 17:25:53.774151+00,
263,Edam,commercial,3001,,,90,14,days,réfrigéré,"{""fat_g_per_100g"":28,""carbs_g_per_100g"":1.4,""sugar_g_per_100g"":1.4,""calories_per_100g"":357,""protein_g_per_100g"":25,""sodium_mg_per_100g"":965,""calcium_mg_per_100g"":731}",2025-10-04 17:25:53.774151+00,2025-10-04 17:25:53.774151+00,
264,Mimolette,commercial,3001,,,120,14,days,réfrigéré,"{""fat_g_per_100g"":29,""carbs_g_per_100g"":0.5,""sugar_g_per_100g"":0.5,""calories_per_100g"":365,""protein_g_per_100g"":26,""sodium_mg_per_100g"":680,""calcium_mg_per_100g"":750}",2025-10-04 17:25:53.774151+00,2025-10-04 17:25:53.774151+00,
265,Ossau-Iraty,commercial,3001,,,90,14,days,réfrigéré,"{""fat_g_per_100g"":31,""carbs_g_per_100g"":0.5,""sugar_g_per_100g"":0.5,""calories_per_100g"":380,""protein_g_per_100g"":26,""sodium_mg_per_100g"":520,""calcium_mg_per_100g"":780}",2025-10-04 17:25:53.774151+00,2025-10-04 17:25:53.774151+00,
266,Provolone,commercial,3001,,,90,14,days,réfrigéré,"{""fat_g_per_100g"":27,""carbs_g_per_100g"":2.1,""sugar_g_per_100g"":0.6,""calories_per_100g"":351,""protein_g_per_100g"":25.6,""sodium_mg_per_100g"":876,""calcium_mg_per_100g"":756}",2025-10-04 17:25:53.774151+00,2025-10-04 17:25:53.774151+00,
267,Manchego,commercial,3001,,,120,14,days,réfrigéré,"{""fat_g_per_100g"":32,""carbs_g_per_100g"":0.5,""sugar_g_per_100g"":0.5,""calories_per_100g"":392,""protein_g_per_100g"":26,""sodium_mg_per_100g"":690,""calcium_mg_per_100g"":835}",2025-10-04 17:25:53.774151+00,2025-10-04 17:25:53.774151+00,
268,Abondance,commercial,3001,,,90,14,days,réfrigéré,"{""fat_g_per_100g"":30,""carbs_g_per_100g"":0.5,""sugar_g_per_100g"":0.5,""calories_per_100g"":385,""protein_g_per_100g"":28,""sodium_mg_per_100g"":350,""calcium_mg_per_100g"":850}",2025-10-04 17:25:53.774151+00,2025-10-04 17:25:53.774151+00,
269,Beaufort,commercial,3001,,,120,14,days,réfrigéré,"{""fat_g_per_100g"":32,""carbs_g_per_100g"":0.6,""sugar_g_per_100g"":0.6,""calories_per_100g"":401,""protein_g_per_100g"":27,""sodium_mg_per_100g"":380,""calcium_mg_per_100g"":1000}",2025-10-04 17:25:53.774151+00,2025-10-04 17:25:53.774151+00,
270,Comté,commercial,3001,,,180,14,days,réfrigéré,"{""fat_g_per_100g"":33,""carbs_g_per_100g"":0.5,""sugar_g_per_100g"":0.5,""calories_per_100g"":409,""protein_g_per_100g"":28,""sodium_mg_per_100g"":420,""calcium_mg_per_100g"":950}",2025-10-04 17:25:53.774151+00,2025-10-04 17:25:53.774151+00,
271,Gruyère,commercial,3001,,,180,14,days,réfrigéré,"{""fat_g_per_100g"":32.3,""carbs_g_per_100g"":0.4,""sugar_g_per_100g"":0.4,""calories_per_100g"":413,""protein_g_per_100g"":29.8,""sodium_mg_per_100g"":336,""calcium_mg_per_100g"":1011}",2025-10-04 17:25:53.774151+00,2025-10-04 17:25:53.774151+00,
272,Emmental,commercial,3001,,,180,14,days,réfrigéré,"{""fat_g_per_100g"":29.7,""carbs_g_per_100g"":0.2,""sugar_g_per_100g"":0.2,""calories_per_100g"":382,""protein_g_per_100g"":28.5,""sodium_mg_per_100g"":450,""calcium_mg_per_100g"":1029}",2025-10-04 17:25:53.774151+00,2025-10-04 17:25:53.774151+00,
273,Parmesan,commercial,3001,,,365,30,days,réfrigéré,"{""fat_g_per_100g"":29,""carbs_g_per_100g"":4.1,""sugar_g_per_100g"":0.9,""calories_per_100g"":431,""protein_g_per_100g"":38,""sodium_mg_per_100g"":1602,""calcium_mg_per_100g"":1184}",2025-10-04 17:25:53.774151+00,2025-10-04 17:25:53.774151+00,
274,Pecorino,commercial,3001,,,365,30,days,réfrigéré,"{""fat_g_per_100g"":27.3,""carbs_g_per_100g"":3.6,""sugar_g_per_100g"":0.2,""calories_per_100g"":387,""protein_g_per_100g"":31.8,""sodium_mg_per_100g"":1800,""calcium_mg_per_100g"":1064}",2025-10-04 17:25:53.774151+00,2025-10-04 17:25:53.774151+00,
275,Fontina,commercial,3001,,,90,14,days,réfrigéré,"{""fat_g_per_100g"":31.1,""carbs_g_per_100g"":1.6,""sugar_g_per_100g"":1.6,""calories_per_100g"":389,""protein_g_per_100g"":25.6,""sodium_mg_per_100g"":800,""calcium_mg_per_100g"":550}",2025-10-04 17:25:53.774151+00,2025-10-04 17:25:53.774151+00,
276,Roquefort,commercial,3001,,,60,7,days,réfrigéré,"{""fat_g_per_100g"":31,""carbs_g_per_100g"":2,""sugar_g_per_100g"":0,""calories_per_100g"":369,""protein_g_per_100g"":21.5,""sodium_mg_per_100g"":1809,""calcium_mg_per_100g"":662}",2025-10-04 17:25:53.774151+00,2025-10-04 17:25:53.774151+00,
277,Bleu d'Auvergne,commercial,3001,,,60,7,days,réfrigéré,"{""fat_g_per_100g"":29,""carbs_g_per_100g"":1,""sugar_g_per_100g"":0.5,""calories_per_100g"":342,""protein_g_per_100g"":20,""sodium_mg_per_100g"":1450,""calcium_mg_per_100g"":550}",2025-10-04 17:25:53.774151+00,2025-10-04 17:25:53.774151+00,
278,Fourme d'Ambert,commercial,3001,,,60,7,days,réfrigéré,"{""fat_g_per_100g"":29,""carbs_g_per_100g"":1.5,""sugar_g_per_100g"":0.5,""calories_per_100g"":338,""protein_g_per_100g"":19.5,""sodium_mg_per_100g"":1200,""calcium_mg_per_100g"":520}",2025-10-04 17:25:53.774151+00,2025-10-04 17:25:53.774151+00,
279,Gorgonzola,commercial,3001,,,60,7,days,réfrigéré,"{""fat_g_per_100g"":29,""carbs_g_per_100g"":2.3,""sugar_g_per_100g"":0,""calories_per_100g"":353,""protein_g_per_100g"":21.4,""sodium_mg_per_100g"":1395,""calcium_mg_per_100g"":528}",2025-10-04 17:25:53.774151+00,2025-10-04 17:25:53.774151+00,
280,Valençay,commercial,3001,,,45,7,days,réfrigéré,"{""fat_g_per_100g"":22,""carbs_g_per_100g"":2,""sugar_g_per_100g"":2,""calories_per_100g"":280,""protein_g_per_100g"":19,""sodium_mg_per_100g"":470,""calcium_mg_per_100g"":165}",2025-10-04 17:25:53.774151+00,2025-10-04 17:25:53.774151+00,
281,Rocamadour,commercial,3001,,,30,5,days,réfrigéré,"{""fat_g_per_100g"":23.5,""carbs_g_per_100g"":2,""sugar_g_per_100g"":2,""calories_per_100g"":295,""protein_g_per_100g"":20,""sodium_mg_per_100g"":490,""calcium_mg_per_100g"":175}",2025-10-04 17:25:53.774151+00,2025-10-04 17:25:53.774151+00,
282,Pouligny-Saint-Pierre,commercial,3001,,,45,7,days,réfrigéré,"{""fat_g_per_100g"":22.5,""carbs_g_per_100g"":2,""sugar_g_per_100g"":2,""calories_per_100g"":285,""protein_g_per_100g"":19.5,""sodium_mg_per_100g"":485,""calcium_mg_per_100g"":170}",2025-10-04 17:25:53.774151+00,2025-10-04 17:25:53.774151+00,
283,Picodon,commercial,3001,,,45,7,days,réfrigéré,"{""fat_g_per_100g"":24,""carbs_g_per_100g"":1.5,""sugar_g_per_100g"":1.5,""calories_per_100g"":298,""protein_g_per_100g"":20.5,""sodium_mg_per_100g"":510,""calcium_mg_per_100g"":185}",2025-10-04 17:25:53.774151+00,2025-10-04 17:25:53.774151+00,
284,Pélardon,commercial,3001,,,45,7,days,réfrigéré,"{""fat_g_per_100g"":23,""carbs_g_per_100g"":2,""sugar_g_per_100g"":2,""calories_per_100g"":290,""protein_g_per_100g"":20,""sodium_mg_per_100g"":495,""calcium_mg_per_100g"":180}",2025-10-04 17:25:53.774151+00,2025-10-04 17:25:53.774151+00,