id,canonical_food_id,cultivar_name,synonyms,region_code,calories_per_100g,protein_g_per_100g,carbs_g_per_100g,fat_g_per_100g,fiber_g_per_100g,sugar_g_per_100g,sodium_mg_per_100g,shelf_life_days_pantry,shelf_life_days_fridge,shelf_life_days_freezer,season_availability,origin_country,can_conserve_bocal,can_lactofermentation,can_sechage,can_congelation,can_confiture,can_vinaigre,can_huile,process_params,created_at,updated_at
725,945,Mammoth,"[""Tournesol géant""]",RU,,,,,,,,,,,"[8,9,10]","[""RU""]",,,,,,,,,2025-09-22 23:03:26.833122+00,2025-09-22 23:03:26.833122+00
726,945,Sunbright,"[""Soleil brillant""]",US,,,,,,,,,,,"[8,9]","[""US""]",,,,,,,,,2025-09-22 23:03:26.833122+00,2025-09-22 23:03:26.833122+00
727,945,Autumn Beauty,"[""Beauté d'automne""]",US,,,,,,,,,,,"[8,9,10]","[""US""]",,,,,,,,,2025-09-22 23:03:26.833122+00,2025-09-22 23:03:26.833122+00
728,945,Teddy Bear,"[""Ours en peluche""]",US,,,,,,,,,,,"[8,9]","[""US""]",,,,,,,,,2025-09-22 23:03:26.833122+00,2025-09-22 23:03:26.833122+00
729,945,Italian White,"[""Blanc italien""]",IT,,,,,,,,,,,"[8,9]","[""IT""]",,,,,,,,,2025-09-22 23:03:26.833122+00,2025-09-22 23:03:26.833122+00
730,945,Peredovik,"[""Peredovik""]",RU,,,,,,,,,,,"[8,9,10]","[""RU""]",,,,,,,,,2025-09-22 23:03:26.833122+00,2025-09-22 23:03:26.833122+00
731,945,Confection,"[""Confection""]",US,,,,,,,,,,,"[8,9]","[""US""]",,,,,,,,,2025-09-22 23:03:26.833122+00,2025-09-22 23:03:26.833122+00
732,945,Black Oil,"[""Huile noire""]",US,,,,,,,,,,,"[8,9,10]","[""US""]",,,,,,,,,2025-09-22 23:03:26.833122+00,2025-09-22 23:03:26.833122+00
733,945,Red Sun,"[""Soleil rouge""]",US,,,,,,,,,,,"[8,9]","[""US""]",,,,,,,,,2025-09-22 23:03:26.833122+00,2025-09-22 23:03:26.833122+00
734,945,Zohar,"[""Zohar""]",IL,,,,,,,,,,,"[8,9]","[""IL""]",,,,,,,,,2025-09-22 23:03:26.833122+00,2025-09-22 23:03:26.833122+00
735,346,American Purple Top,"[""Sommet violet américain""]",US,,,,,,,,,,,"[9,10,11,12,1]","[""US""]",,,,,,,,,2025-09-22 23:03:26.833122+00,2025-09-22 23:03:26.833122+00
736,346,Laurentian,"[""Laurentien""]",CA,,,,,,,,,,,"[9,10,11,12,1,2]","[""CA""]",,,,,,,,,2025-09-22 23:03:26.833122+00,2025-09-22 23:03:26.833122+00
737,346,Joan,"[""Joan rutabaga""]",GB,,,,,,,,,,,"[9,10,11,12,1]","[""GB""]",,,,,,,,,2025-09-22 23:03:26.833122+00,2025-09-22 23:03:26.833122+00
738,346,Best of All,"[""Meilleur de tous""]",GB,,,,,,,,,,,"[10,11,12,1]","[""GB""]",,,,,,,,,2025-09-22 23:03:26.833122+00,2025-09-22 23:03:26.833122+00
739,346,Virtue,"[""Vertu""]",GB,,,,,,,,,,,"[9,10,11,12,1]","[""GB""]",,,,,,,,,2025-09-22 23:03:26.833122+00,2025-09-22 23:03:26.833122+00
740,346,Wilhelmsburger,"[""Wilhelmsburger""]",DE,,,,,,,,,,,"[9,10,11,12]","[""DE""]",,,,,,,,,2025-09-22 23:03:26.833122+00,2025-09-22 23:03:26.833122+00
741,346,Magres,"[""Magres""]",FR,,,,,,,,,,,"[10,11,12,1]","[""FR""]",,,,,,,,,2025-09-22 23:03:26.833122+00,2025-09-22 23:03:26.833122+00
742,346,Champion,"[""Champion""]",CA,,,,,,,,,,,"[9,10,11,12,1]","[""CA""]",,,,,,,,,2025-09-22 23:03:26.833122+00,2025-09-22 23:03:26.833122+00
743,346,Helenor,"[""Helenor""]",CA,,,,,,,,,,,"[9,10,11,12]","[""CA""]",,,,,,,,,2025-09-22 23:03:26.833122+00,2025-09-22 23:03:26.833122+00
744,350,Fuseau,"[""Topinambour fuseau""]",FR,,,,,,,,,,,"[10,11,12,1,2,3]","[""FR""]",,,,,,,,,2025-09-22 23:03:26.833122+00,2025-09-22 23:03:26.833122+00
745,350,Patate,"[""Topinambour patate""]",FR,,,,,,,,,,,"[10,11,12,1,2,3]","[""FR""]",,,,,,,,,2025-09-22 23:03:26.833122+00,2025-09-22 23:03:26.833122+00
746,350,Rouge du Limousin,"[""Rouge limousin""]",FR,,,,,,,,,,,"[10,11,12,1,2]","[""FR""]",,,,,,,,,2025-09-22 23:03:26.833122+00,2025-09-22 23:03:26.833122+00
747,350,Blanc Commun,"[""Blanc commun""]",FR,,,,,,,,,,,"[10,11,12,1,2,3]","[""FR""]",,,,,,,,,2025-09-22 23:03:26.833122+00,2025-09-22 23:03:26.833122+00
748,350,Violet de Rennes,"[""Violet de Rennes""]",FR,,,,,,,,,,,"[10,11,12,1,2]","[""FR""]",,,,,,,,,2025-09-22 23:03:26.833122+00,2025-09-22 23:03:26.833122+00
749,350,Sakhalinski Rouge,"[""Sakhalinski rouge""]",RU,,,,,,,,,,,"[10,11,12,1,2]","[""RU""]",,,,,,,,,2025-09-22 23:03:26.833122+00,2025-09-22 23:03:26.833122+00
750,350,Stampede,"[""Stampede""]",CA,,,,,,,,,,,"[10,11,12,1,2]","[""CA""]",,,,,,,,,2025-09-22 23:03:26.833122+00,2025-09-22 23:03:26.833122+00
751,350,Sugarball,"[""Boule de sucre""]",US,,,,,,,,,,,"[10,11,12,1,2]","[""US""]",,,,,,,,,2025-09-22 23:03:26.833122+00,2025-09-22 23:03:26.833122+00
752,350,Smooth Garnet,"[""Grenat lisse""]",CA,,,,,,,,,,,"[10,11,12,1,2]","[""CA""]",,,,,,,,,2025-09-22 23:03:26.833122+00,2025-09-22 23:03:26.833122+00
753,350,Dwarf Sunray,"[""Rayon de soleil nain""]",US,,,,,,,,,,,"[10,11,12,1,2]","[""US""]",,,,,,,,,2025-09-22 23:03:26.833122+00,2025-09-22 23:03:26.833122+00
754,351,Crosne Commun,"[""Crosne du Japon""]",JP,,,,,,,,,,,"[11,12,1,2,3]","[""JP""]",,,,,,,,,2025-09-22 23:03:26.833122+00,2025-09-22 23:03:26.833122+00
755,351,Crosne Géant,"[""Grand crosne""]",FR,,,,,,,,,,,"[11,12,1,2,3]","[""FR""]",,,,,,,,,2025-09-22 23:03:26.833122+00,2025-09-22 23:03:26.833122+00
756,351,Crosne Précoce,"[""Crosne hâtif""]",CN,,,,,,,,,,,"[10,11,12,1,2]","[""CN""]",,,,,,,,,2025-09-22 23:03:26.833122+00,2025-09-22 23:03:26.833122+00
757,351,Crosne Tardif,"[""Crosne d'hiver""]",JP,,,,,,,,,,,"[12,1,2,3]","[""JP""]",,,,,,,,,2025-09-22 23:03:26.833122+00,2025-09-22 23:03:26.833122+00
758,438,Clemson Spineless,"[""Clemson sans épines""]",US,,,,,,,,,,,"[6,7,8,9,10]","[""US""]",,,,,,,,,2025-09-22 23:03:26.833122+00,2025-09-22 23:03:26.833122+00
759,438,Burgundy,"[""Bourgogne rouge""]",US,,,,,,,,,,,"[6,7,8,9,10]","[""US""]",,,,,,,,,2025-09-22 23:03:26.833122+00,2025-09-22 23:03:26.833122+00
760,438,Annie Oakley,"[""Annie Oakley""]",US,,,,,,,,,,,"[6,7,8,9]","[""US""]",,,,,,,,,2025-09-22 23:03:26.833122+00,2025-09-22 23:03:26.833122+00
761,438,Emerald,"[""Émeraude""]",US,,,,,,,,,,,"[6,7,8,9,10]","[""US""]",,,,,,,,,2025-09-22 23:03:26.833122+00,2025-09-22 23:03:26.833122+00
762,438,Red Velvet,"[""Velours rouge""]",US,,,,,,,,,,,"[6,7,8,9,10]","[""US""]",,,,,,,,,2025-09-22 23:03:26.833122+00,2025-09-22 23:03:26.833122+00
763,438,Baby Bubba,"[""Bébé Bubba""]",US,,,,,,,,,,,"[6,7,8,9]","[""US""]",,,,,,,,,2025-09-22 23:03:26.833122+00,2025-09-22 23:03:26.833122+00
764,438,Star of David,"[""Étoile de David""]",IL,,,,,,,,,,,"[6,7,8,9,10]","[""IL""]",,,,,,,,,2025-09-22 23:03:26.833122+00,2025-09-22 23:03:26.833122+00
765,438,Cow Horn,"[""Corne de vache""]",US,,,,,,,,,,,"[6,7,8,9,10]","[""US""]",,,,,,,,,2025-09-22 23:03:26.833122+00,2025-09-22 23:03:26.833122+00
766,438,Perkins Long Pod,"[""Longue cosse Perkins""]",US,,,,,,,,,,,"[6,7,8,9,10]","[""US""]",,,,,,,,,2025-09-22 23:03:26.833122+00,2025-09-22 23:03:26.833122+00
767,438,Hill Country,"[""Pays des collines""]",US,,,,,,,,,,,"[6,7,8,9,10]","[""US""]",,,,,,,,,2025-09-22 23:03:26.833122+00,2025-09-22 23:03:26.833122+00
768,439,Golden Berry,"[""Baie dorée""]",PE,,,,,,,,,,,"[8,9,10]","[""PE""]",,,,,,,,,2025-09-22 23:03:26.833122+00,2025-09-22 23:03:26.833122+00
769,439,Pineapple,"[""Ananas""]",PE,,,,,,,,,,,"[8,9,10]","[""PE""]",,,,,,,,,2025-09-22 23:03:26.833122+00,2025-09-22 23:03:26.833122+00
770,439,Aunt Molly,"[""Tante Molly""]",PL,,,,,,,,,,,"[8,9,10]","[""PL""]",,,,,,,,,2025-09-22 23:03:26.833122+00,2025-09-22 23:03:26.833122+00
771,439,Cossack Pineapple,"[""Ananas cosaque""]",UA,,,,,,,,,,,"[8,9,10]","[""UA""]",,,,,,,,,2025-09-22 23:03:26.833122+00,2025-09-22 23:03:26.833122+00
772,439,Goldenberry,"[""Cerise de terre""]",PE,,,,,,,,,,,"[8,9,10]","[""PE""]",,,,,,,,,2025-09-22 23:03:26.833122+00,2025-09-22 23:03:26.833122+00
773,439,New Hanover,"[""Nouveau Hanovre""]",DE,,,,,,,,,,,"[8,9,10]","[""DE""]",,,,,,,,,2025-09-22 23:03:26.833122+00,2025-09-22 23:03:26.833122+00
774,439,Cape Gooseberry,"[""Groseille du Cap""]",ZA,,,,,,,,,,,"[8,9,10]","[""ZA""]",,,,,,,,,2025-09-22 23:03:26.833122+00,2025-09-22 23:03:26.833122+00
775,439,Inca Berry,"[""Baie inca""]",PE,,,,,,,,,,,"[8,9,10]","[""PE""]",,,,,,,,,2025-09-22 23:03:26.833122+00,2025-09-22 23:03:26.833122+00
776,439,Pichuberry,"[""Pichuberry""]",CO,,,,,,,,,,,"[8,9,10]","[""CO""]",,,,,,,,,2025-09-22 23:03:26.833122+00,2025-09-22 23:03:26.833122+00
777,385,Red Giant,"[""Géant rouge""]",JP,,,,,,,,,,,"[3,4,5,9,10,11]","[""JP""]",,,,,,,,,2025-09-22 23:03:26.833122+00,2025-09-22 23:03:26.833122+00
778,385,Osaka Purple,"[""Osaka violet""]",JP,,,,,,,,,,,"[3,4,5,9,10,11]","[""JP""]",,,,,,,,,2025-09-22 23:03:26.833122+00,2025-09-22 23:03:26.833122+00
779,385,Green Wave,"[""Vague verte""]",JP,,,,,,,,,,,"[3,4,5,9,10,11]","[""JP""]",,,,,,,,,2025-09-22 23:03:26.833122+00,2025-09-22 23:03:26.833122+00
780,385,Wasabina,"[""Wasabina""]",JP,,,,,,,,,,,"[3,4,5,9,10,11]","[""JP""]",,,,,,,,,2025-09-22 23:03:26.833122+00,2025-09-22 23:03:26.833122+00
781,385,Garnet Giant,"[""Géant grenat""]",CN,,,,,,,,,,,"[3,4,5,9,10,11]","[""CN""]",,,,,,,,,2025-09-22 23:03:26.833122+00,2025-09-22 23:03:26.833122+00
782,385,Dragon's Tongue,"[""Langue de dragon""]",CN,,,,,,,,,,,"[3,4,5,9,10,11]","[""CN""]",,,,,,,,,2025-09-22 23:03:26.833122+00,2025-09-22 23:03:26.833122+00
783,385,Golden Streaks,"[""Stries dorées""]",JP,,,,,,,,,,,"[3,4,5,9,10,11]","[""JP""]",,,,,,,,,2025-09-22 23:03:26.833122+00,2025-09-22 23:03:26.833122+00
784,385,Amara,"[""Amara""]",IN,,,,,,,,,,,"[3,4,5,9,10,11]","[""IN""]",,,,,,,,,2025-09-22 23:03:26.833122+00,2025-09-22 23:03:26.833122+00
785,385,Coral Reef,"[""Récif corallien""]",JP,,,,,,,,,,,"[3,4,5,9,10,11]","[""JP""]",,,,,,,,,2025-09-22 23:03:26.833122+00,2025-09-22 23:03:26.833122+00
786,490,Green Shiso,"[""Shiso vert""]",JP,,,,,,,,,7,365,"[6,7,8,9,10]","[""JP""]",,,true,true,,,true,,2025-09-22 23:03:26.833122+00,2025-09-22 23:03:26.833122+00
787,490,Red Shiso,"[""Shiso rouge""]",JP,,,,,,,,,7,365,"[6,7,8,9,10]","[""JP""]",,,true,true,,,true,,2025-09-22 23:03:26.833122+00,2025-09-22 23:03:26.833122+00
788,490,Korean Mint,"[""Menthe coréenne""]",KR,,,,,,,,,7,365,"[6,7,8,9,10]","[""KR""]",,,true,true,,,true,,2025-09-22 23:03:26.833122+00,2025-09-22 23:03:26.833122+00
789,490,Crispa,"[""Crispa frisé""]",JP,,,,,,,,,7,365,"[6,7,8,9,10]","[""JP""]",,,true,true,,,true,,2025-09-22 23:03:26.833122+00,2025-09-22 23:03:26.833122+00
790,490,Purple Ruffles,"[""Volants pourpres""]",JP,,,,,,,,,7,365,"[6,7,8,9,10]","[""JP""]",,,true,true,,,true,,2025-09-22 23:03:26.833122+00,2025-09-22 23:03:26.833122+00
791,490,Akajiso,"[""Akajiso""]",JP,,,,,,,,,7,365,"[6,7,8,9,10]","[""JP""]",,,true,true,,,true,,2025-09-22 23:03:26.833122+00,2025-09-22 23:03:26.833122+00
792,490,Aojiso,"[""Aojiso""]",JP,,,,,,,,,7,365,"[6,7,8,9,10]","[""JP""]",,,true,true,,,true,,2025-09-22 23:03:26.833122+00,2025-09-22 23:03:26.833122+00
793,490,White Flowered,"[""Fleur blanche""]",JP,,,,,,,,,7,365,"[6,7,8,9,10]","[""JP""]",,,true,true,,,true,,2025-09-22 23:03:26.833122+00,2025-09-22 23:03:26.833122+00
794,490,Magilla,"[""Magilla""]",US,,,,,,,,,7,365,"[6,7,8,9,10]","[""US""]",,,true,true,,,true,,2025-09-22 23:03:26.833122+00,2025-09-22 23:03:26.833122+00
795,349,Cherry Belle,"[""Radis Cherry Belle""]",US,16.0,0.70,3.40,,1.60,,,,14,,"[4,5,6,7]","[""US""]",,true,,,,,,,2025-09-22 23:03:26.833122+00,2025-09-22 23:03:26.833122+00
796,349,Watermelon,"[""Radis pastèque"",""Beauty Heart""]",CN,16.0,0.70,3.40,,1.60,,,,14,,"[4,5,6,9,10]","[""CN""]",,true,,,,,,,2025-09-22 23:03:26.833122+00,2025-09-22 23:03:26.833122+00
797,349,Black Spanish,"[""Radis noir d'Espagne""]",ES,16.0,0.70,3.40,,1.60,,,,14,,"[10,11,12,1]","[""ES""]",,true,,,,,,,2025-09-22 23:03:26.833122+00,2025-09-22 23:03:26.833122+00
798,349,Flamboyant,"[""Radis Flamboyant""]",FR,16.0,0.70,3.40,,1.60,,,,14,,"[4,5,6,7]","[""FR""]",,true,,,,,,,2025-09-22 23:03:26.833122+00,2025-09-22 23:03:26.833122+00
799,349,Easter Egg,"[""Radis multicolore""]",US,16.0,0.70,3.40,,1.60,,,,14,,"[4,5,6,9,10]","[""US""]",,true,,,,,,,2025-09-22 23:03:26.833122+00,2025-09-22 23:03:26.833122+00
800,349,de Munich,"[""Münchener Bier""]",DE,16.0,0.70,3.40,,1.60,,,,14,,"[5,6,7,8]","[""DE""]",,true,,,,,,,2025-09-22 23:03:26.833122+00,2025-09-22 23:03:26.833122+00
801,349,Gelber,"[""Radis jaune""]",DE,16.0,0.70,3.40,,1.60,,,,14,,"[6,7,8,9]","[""DE""]",,true,,,,,,,2025-09-22 23:03:26.833122+00,2025-09-22 23:03:26.833122+00
802,349,Rose d'Hiver de Chine,"[""Chinese Rose Winter""]",CN,16.0,0.70,3.40,,1.60,,,,14,,"[10,11,12,1,2]","[""CN""]",,true,,,,,,,2025-09-22 23:03:26.833122+00,2025-09-22 23:03:26.833122+00
803,345,Purple Top,"[""Navet Purple Top""]",GB,,,,,,,,,,,"[8,9,10,11]","[""GB""]",,,,,,,,,2025-09-22 23:03:26.833122+00,2025-09-22 23:03:26.833122+00
804,345,de Croissy,"[""Navet de Croissy""]",FR,,,,,,,,,,,"[7,8,9,10]","[""FR""]",,,,,,,,,2025-09-22 23:03:26.833122+00,2025-09-22 23:03:26.833122+00
805,345,Tokyo Cross,"[""Tokyo Cross F1""]",JP,,,,,,,,,,,"[6,7,8,9]","[""JP""]",,,,,,,,,2025-09-22 23:03:26.833122+00,2025-09-22 23:03:26.833122+00
806,345,Golden Ball,"[""Boule d'or""]",GB,,,,,,,,,,,"[8,9,10,11]","[""GB""]",,,,,,,,,2025-09-22 23:03:26.833122+00,2025-09-22 23:03:26.833122+00
807,345,d'Auvergne,"[""Navet d'Auvergne""]",FR,,,,,,,,,,,"[9,10,11,12]","[""FR""]",,,,,,,,,2025-09-22 23:03:26.833122+00,2025-09-22 23:03:26.833122+00
808,345,Hakurei,"[""Navet Hakurei""]",JP,,,,,,,,,,,"[4,5,6,9,10]","[""JP""]",,,,,,,,,2025-09-22 23:03:26.833122+00,2025-09-22 23:03:26.833122+00
809,345,Market Express,"[""Express du marché""]",NL,,,,,,,,,,,"[6,7,8,9]","[""NL""]",,,,,,,,,2025-09-22 23:03:26.833122+00,2025-09-22 23:03:26.833122+00
810,345,Rouge Long,"[""Navet rouge long""]",FR,,,,,,,,,,,"[8,9,10,11]","[""FR""]",,,,,,,,,2025-09-22 23:03:26.833122+00,2025-09-22 23:03:26.833122+00
811,345,Scarlet Queen,"[""Reine écarlate""]",CA,,,,,,,,,,,"[7,8,9,10]","[""CA""]",,,,,,,,,2025-09-22 23:03:26.833122+00,2025-09-22 23:03:26.833122+00
812,345,de Pardailhan,"[""Navet de Pardailhan""]",FR,,,,,,,,,,,"[10,11,12,1]","[""FR""]",,,,,,,,,2025-09-22 23:03:26.833122+00,2025-09-22 23:03:26.833122+00
813,348,Hollow Crown,"[""Cœur creux""]",GB,,,,,,,,,,,"[9,10,11,12,1]","[""GB""]",,,,,,,,,2025-09-22 23:03:26.833122+00,2025-09-22 23:03:26.833122+00
814,348,Guernsey,"[""Panais de Guernesey""]",GB,,,,,,,,,,,"[10,11,12,1,2]","[""GB""]",,,,,,,,,2025-09-22 23:03:26.833122+00,2025-09-22 23:03:26.833122+00
815,348,Tender and True,"[""Tendre et vrai""]",GB,,,,,,,,,,,"[9,10,11,12]","[""GB""]",,,,,,,,,2025-09-22 23:03:26.833122+00,2025-09-22 23:03:26.833122+00
816,348,Cobham Improved Marrow,"[""Cobham amélioré""]",GB,,,,,,,,,,,"[10,11,12,1]","[""GB""]",,,,,,,,,2025-09-22 23:03:26.833122+00,2025-09-22 23:03:26.833122+00
817,348,White Gem,"[""Gemme blanche""]",CA,,,,,,,,,,,"[10,11,12,1,2]","[""CA""]",,,,,,,,,2025-09-22 23:03:26.833122+00,2025-09-22 23:03:26.833122+00
818,348,Javelin,"[""Javelot""]",NL,,,,,,,,,,,"[9,10,11,12]","[""NL""]",,,,,,,,,2025-09-22 23:03:26.833122+00,2025-09-22 23:03:26.833122+00
819,348,The Student,"[""L'étudiant""]",GB,,,,,,,,,,,"[10,11,12,1]","[""GB""]",,,,,,,,,2025-09-22 23:03:26.833122+00,2025-09-22 23:03:26.833122+00
820,348,Lancer,"[""Lancier""]",GB,,,,,,,,,,,"[9,10,11,12,1]","[""GB""]",,,,,,,,,2025-09-22 23:03:26.833122+00,2025-09-22 23:03:26.833122+00
821,342,Rainbow Mix,"[""Arc-en-ciel""]",NL,,,,,,,,,,,"[6,7,8,9,10]","[""NL""]",,,,,,,,,2025-09-22 23:03:26.833122+00,2025-09-22 23:03:26.833122+00
822,342,Little Finger,"[""Petit doigt""]",FR,,,,,,,,,,,"[5,6,7,8]","[""FR""]",,,,,,,,,2025-09-22 23:03:26.833122+00,2025-09-22 23:03:26.833122+00
823,342,Dragon,"[""Carotte Dragon""]",US,,,,,,,,,,,"[7,8,9,10]","[""US""]",,,,,,,,,2025-09-22 23:03:26.833122+00,2025-09-22 23:03:26.833122+00
824,342,Solar Yellow,"[""Soleil jaune""]",US,,,,,,,,,,,"[7,8,9,10]","[""US""]",,,,,,,,,2025-09-22 23:03:26.833122+00,2025-09-22 23:03:26.833122+00
825,342,Lunar White,"[""Lune blanche""]",NL,,,,,,,,,,,"[7,8,9,10]","[""NL""]",,,,,,,,,2025-09-22 23:03:26.833122+00,2025-09-22 23:03:26.833122+00
826,342,Purple Sun,"[""Soleil violet""]",US,,,,,,,,,,,"[7,8,9,10]","[""US""]",,,,,,,,,2025-09-22 23:03:26.833122+00,2025-09-22 23:03:26.833122+00
827,342,Orange Atomic,"[""Orange atomique""]",US,,,,,,,,,,,"[7,8,9,10]","[""US""]",,,,,,,,,2025-09-22 23:03:26.833122+00,2025-09-22 23:03:26.833122+00
828,342,Rainbow Blend,"[""Mélange arc-en-ciel""]",NL,,,,,,,,,,,"[6,7,8,9,10]","[""NL""]",,,,,,,,,2025-09-22 23:03:26.833122+00,2025-09-22 23:03:26.833122+00
829,376,Giant Winter,"[""Géant d'hiver""]",GB,,,,,,,,,,,"[10,11,12,1,2,3]","[""GB""]",,,,,,,,,2025-09-22 23:03:26.833122+00,2025-09-22 23:03:26.833122+00
830,376,Bloomsdale,"[""Bloomsdale Long Standing""]",US,,,,,,,,,,,"[3,4,5,9,10,11]","[""US""]",,,,,,,,,2025-09-22 23:03:26.833122+00,2025-09-22 23:03:26.833122+00
831,376,Space,"[""Épinard Space F1""]",NL,,,,,,,,,,,"[3,4,5,9,10]","[""NL""]",,,,,,,,,2025-09-22 23:03:26.833122+00,2025-09-22 23:03:26.833122+00
832,376,Monstrueux de Viroflay,"[""Viroflay""]",FR,,,,,,,,,,,"[3,4,5,9,10]","[""FR""]",,,,,,,,,2025-09-22 23:03:26.833122+00,2025-09-22 23:03:26.833122+00
833,376,Red Kitten,"[""Chaton rouge""]",US,,,,,,,,,,,"[4,5,6,9,10]","[""US""]",,,,,,,,,2025-09-22 23:03:26.833122+00,2025-09-22 23:03:26.833122+00
834,376,New Zealand,"[""Épinard de Nouvelle-Zélande""]",NZ,,,,,,,,,,,"[6,7,8,9]","[""NZ""]",,,,,,,,,2025-09-22 23:03:26.833122+00,2025-09-22 23:03:26.833122+00
835,376,Palco,"[""Palco F1""]",NL,,,,,,,,,,,"[3,4,5,9,10,11]","[""NL""]",,,,,,,,,2025-09-22 23:03:26.833122+00,2025-09-22 23:03:26.833122+00
836,376,Corvair,"[""Corvair F1""]",US,,,,,,,,,,,"[4,5,6,9,10]","[""US""]",,,,,,,,,2025-09-22 23:03:26.833122+00,2025-09-22 23:03:26.833122+00
837,376,Melody,"[""Mélodie F1""]",NL,,,,,,,,,,,"[3,4,5,9,10]","[""NL""]",,,,,,,,,2025-09-22 23:03:26.833122+00,2025-09-22 23:03:26.833122+00
838,376,Matador,"[""Matador F1""]",NL,,,,,,,,,,,"[3,4,5,9,10,11]","[""NL""]",,,,,,,,,2025-09-22 23:03:26.833122+00,2025-09-22 23:03:26.833122+00
839,375,Black Seeded Simpson,"[""Simpson à graines noires""]",US,,,,,,,,,,,"[4,5,6,7,8,9]","[""US""]",,,,,,,,,2025-09-22 23:03:26.833122+00,2025-09-22 23:03:26.833122+00
840,375,Red Sails,"[""Voiles rouges""]",US,,,,,,,,,,,"[4,5,6,7,8,9]","[""US""]",,,,,,,,,2025-09-22 23:03:26.833122+00,2025-09-22 23:03:26.833122+00
841,375,Deer Tongue,"[""Langue de cerf""]",US,,,,,,,,,,,"[4,5,6,7,8,9]","[""US""]",,,,,,,,,2025-09-22 23:03:26.833122+00,2025-09-22 23:03:26.833122+00
842,375,Tom Thumb,"[""Petit Poucet""]",GB,,,,,,,,,,,"[4,5,6,7,8,9]","[""GB""]",,,,,,,,,2025-09-22 23:03:26.833122+00,2025-09-22 23:03:26.833122+00
843,375,Merveille des Quatre Saisons,"[""Four Seasons""]",FR,,,,,,,,,,,"[3,4,5,6,7,8,9,10]","[""FR""]",,,,,,,,,2025-09-22 23:03:26.833122+00,2025-09-22 23:03:26.833122+00
844,375,Reine de Mai,"[""Queen of May""]",FR,,,,,,,,,,,"[4,5,6]","[""FR""]",,,,,,,,,2025-09-22 23:03:26.833122+00,2025-09-22 23:03:26.833122+00
845,375,Sucrine,"[""Sucrine""]",FR,,,,,,,,,,,"[5,6,7,8]","[""FR""]",,,,,,,,,2025-09-22 23:03:26.833122+00,2025-09-22 23:03:26.833122+00
846,375,Little Gem,"[""Petite gemme""]",GB,,,,,,,,,,,"[4,5,6,7,8,9]","[""GB""]",,,,,,,,,2025-09-22 23:03:26.833122+00,2025-09-22 23:03:26.833122+00
847,375,Lollo Rosso,"[""Lollo rouge""]",IT,,,,,,,,,,,"[4,5,6,7,8,9]","[""IT""]",,,,,,,,,2025-09-22 23:03:26.833122+00,2025-09-22 23:03:26.833122+00
848,375,Lollo Bionda,"[""Lollo blonde""]",IT,,,,,,,,,,,"[4,5,6,7,8,9]","[""IT""]",,,,,,,,,2025-09-22 23:03:26.833122+00,2025-09-22 23:03:26.833122+00
849,388,Shanghai Green,"[""Vert de Shanghai""]",CN,,,,,,,,,,,"[4,5,6,9,10]","[""CN""]",,,,,,,,,2025-09-22 23:03:26.833122+00,2025-09-22 23:03:26.833122+00
850,388,Baby Choi,"[""Bébé choi""]",CN,,,,,,,,,,,"[3,4,5,9,10,11]","[""CN""]",,,,,,,,,2025-09-22 23:03:26.833122+00,2025-09-22 23:03:26.833122+00
851,388,Red Choi,"[""Choi rouge""]",CN,,,,,,,,,,,"[4,5,6,9,10]","[""CN""]",,,,,,,,,2025-09-22 23:03:26.833122+00,2025-09-22 23:03:26.833122+00
852,386,Green Spray,"[""Vaporisateur vert""]",JP,,,,,,,,,,,"[3,4,5,9,10,11]","[""JP""]",,,,,,,,,2025-09-22 23:03:26.833122+00,2025-09-22 23:03:26.833122+00
853,386,Purple Mizuna,"[""Mizuna pourpre""]",JP,,,,,,,,,,,"[3,4,5,9,10,11]","[""JP""]",,,,,,,,,2025-09-22 23:03:26.833122+00,2025-09-22 23:03:26.833122+00
854,386,Early Mizuna,"[""Mizuna précoce""]",JP,,,,,,,,,,,"[3,4,5,6]","[""JP""]",,,,,,,,,2025-09-22 23:03:26.833122+00,2025-09-22 23:03:26.833122+00
855,386,Red Kingdom,"[""Royaume rouge""]",JP,,,,,,,,,,,"[3,4,5,9,10,11]","[""JP""]",,,,,,,,,2025-09-22 23:03:26.833122+00,2025-09-22 23:03:26.833122+00
856,390,Rosette Bok Choy,"[""Bok choy rosette""]",CN,,,,,,,,,,,"[3,4,5,9,10,11]","[""CN""]",,,,,,,,,2025-09-22 23:03:26.833122+00,2025-09-22 23:03:26.833122+00
857,390,Black Summer,"[""Été noir""]",JP,,,,,,,,,,,"[6,7,8,9]","[""JP""]",,,,,,,,,2025-09-22 23:03:26.833122+00,2025-09-22 23:03:26.833122+00
858,390,Green Tatsoi,"[""Tatsoi vert""]",CN,,,,,,,,,,,"[3,4,5,9,10,11]","[""CN""]",,,,,,,,,2025-09-22 23:03:26.833122+00,2025-09-22 23:03:26.833122+00
859,306,Gariguette,"[""Gariguette précoce""]",FR,,,,,,,,,,,"[4,5,6]","[""FR""]",,,,,,,,,2025-09-22 23:03:26.833122+00,2025-09-22 23:03:26.833122+00
860,306,Mara des Bois,"[""Mara des Bois""]",FR,,,,,,,,,,,"[5,6,7,8,9]","[""FR""]",,,,,,,,,2025-09-22 23:03:26.833122+00,2025-09-22 23:03:26.833122+00
861,306,Charlotte,"[""Charlotte remontante""]",FR,,,,,,,,,,,"[6,7,8,9,10]","[""FR""]",,,,,,,,,2025-09-22 23:03:26.833122+00,2025-09-22 23:03:26.833122+00
862,306,Cijosée,"[""Cijosée""]",FR,,,,,,,,,,,"[5,6,7]","[""FR""]",,,,,,,,,2025-09-22 23:03:26.833122+00,2025-09-22 23:03:26.833122+00
863,306,Darselect,"[""Darselect""]",FR,,,,,,,,,,,"[5,6,7]","[""FR""]",,,,,,,,,2025-09-22 23:03:26.833122+00,2025-09-22 23:03:26.833122+00
864,306,Seascape,"[""Seascape""]",US,,,,,,,,,,,"[6,7,8,9]","[""US""]",,,,,,,,,2025-09-22 23:03:26.833122+00,2025-09-22 23:03:26.833122+00
865,306,Albion,"[""Albion jour neutre""]",US,,,,,,,,,,,"[6,7,8,9,10]","[""US""]",,,,,,,,,2025-09-22 23:03:26.833122+00,2025-09-22 23:03:26.833122+00
866,306,San Andreas,"[""San Andreas""]",US,,,,,,,,,,,"[6,7,8,9]","[""US""]",,,,,,,,,2025-09-22 23:03:26.833122+00,2025-09-22 23:03:26.833122+00
867,306,Monterey,"[""Monterey""]",US,,,,,,,,,,,"[5,6,7,8,9]","[""US""]",,,,,,,,,2025-09-22 23:03:26.833122+00,2025-09-22 23:03:26.833122+00
868,306,Portola,"[""Portola""]",US,,,,,,,,,,,"[6,7,8,9]","[""US""]",,,,,,,,,2025-09-22 23:03:26.833122+00,2025-09-22 23:03:26.833122+00
869,287,Reinette Grise du Canada,"[""Canada gris""]",FR,,,,,,,,,,,"[10,11,12,1,2,3]","[""FR""]",,,,,,,,,2025-09-22 23:03:26.833122+00,2025-09-22 23:03:26.833122+00
870,287,Cox Orange Pippin,"[""Cox Orange""]",GB,,,,,,,,,,,"[9,10,11,12]","[""GB""]",,,,,,,,,2025-09-22 23:03:26.833122+00,2025-09-22 23:03:26.833122+00
871,287,Reine des Reinettes,"[""King of Pippins""]",FR,,,,,,,,,,,"[9,10,11]","[""FR""]",,,,,,,,,2025-09-22 23:03:26.833122+00,2025-09-22 23:03:26.833122+00
872,287,Belle de Boskoop,"[""Boskoop""]",NL,,,,,,,,,,,"[10,11,12,1,2]","[""NL""]",,,,,,,,,2025-09-22 23:03:26.833122+00,2025-09-22 23:03:26.833122+00
873,287,Calville Blanc d'Hiver,"[""Calville blanc""]",FR,,,,,,,,,,,"[11,12,1,2,3]","[""FR""]",,,,,,,,,2025-09-22 23:03:26.833122+00,2025-09-22 23:03:26.833122+00
874,287,Api Étoilé,"[""Lady Apple""]",FR,,,,,,,,,,,"[10,11,12,1]","[""FR""]",,,,,,,,,2025-09-22 23:03:26.833122+00,2025-09-22 23:03:26.833122+00
875,287,Chantecler,"[""Chantecler québécoise""]",CA,,,,,,,,,,,"[9,10,11]","[""CA""]",,,,,,,,,2025-09-22 23:03:26.833122+00,2025-09-22 23:03:26.833122+00
876,287,Empire,"[""Empire rouge""]",US,,,,,,,,,,,"[9,10,11]","[""US""]",,,,,,,,,2025-09-22 23:03:26.833122+00,2025-09-22 23:03:26.833122+00
877,287,Jonagold,"[""Jonagold""]",US,,,,,,,,,,,"[9,10,11]","[""US""]",,,,,,,,,2025-09-22 23:03:26.833122+00,2025-09-22 23:03:26.833122+00
878,287,Elstar,"[""Elstar""]",NL,,,,,,,,,,,"[9,10]","[""NL""]",,,,,,,,,2025-09-22 23:03:26.833122+00,2025-09-22 23:03:26.833122+00
879,287,Honeycrisp,"[""Honeycrisp""]",US,,,,,,,,,,,"[9,10,11]","[""US""]",,,,,,,,,2025-09-22 23:03:26.833122+00,2025-09-22 23:03:26.833122+00
880,287,Bramley,"[""Bramley's Seedling""]",GB,,,,,,,,,,,"[10,11,12,1,2]","[""GB""]",,,,,,,,,2025-09-22 23:03:26.833122+00,2025-09-22 23:03:26.833122+00
881,287,Akane,"[""Akane rouge""]",JP,,,,,,,,,,,"[8,9,10]","[""JP""]",,,,,,,,,2025-09-22 23:03:26.833122+00,2025-09-22 23:03:26.833122+00
882,287,Mutsu,"[""Mutsu""]",JP,,,,,,,,,,,"[10,11,12]","[""JP""]",,,,,,,,,2025-09-22 23:03:26.833122+00,2025-09-22 23:03:26.833122+00
883,287,Stayman,"[""Stayman Winesap""]",US,,,,,,,,,,,"[10,11,12,1]","[""US""]",,,,,,,,,2025-09-22 23:03:26.833122+00,2025-09-22 23:03:26.833122+00
884,291,Red Haven,"[""Red Haven""]",US,,,,,,,,,,,"[7,8]","[""US""]",,,,,,,,,2025-09-22 23:03:26.833122+00,2025-09-22 23:03:26.833122+00
885,291,Elberta,"[""Elberta""]",US,,,,,,,,,,,"[8,9]","[""US""]",,,,,,,,,2025-09-22 23:03:26.833122+00,2025-09-22 23:03:26.833122+00
886,291,Belle de Vitry,"[""Belle de Vitry""]",FR,,,,,,,,,,,"[8,9]","[""FR""]",,,,,,,,,2025-09-22 23:03:26.833122+00,2025-09-22 23:03:26.833122+00
887,291,Pêche de Vigne,"[""Sanguine""]",FR,,,,,,,,,,,"[9,10]","[""FR""]",,,,,,,,,2025-09-22 23:03:26.833122+00,2025-09-22 23:03:26.833122+00
888,291,Michelini,"[""Michelini""]",IT,,,,,,,,,,,"[7,8]","[""IT""]",,,,,,,,,2025-09-22 23:03:26.833122+00,2025-09-22 23:03:26.833122+00
889,291,Saturn,"[""Pêche plate""]",CN,,,,,,,,,,,"[7,8]","[""CN""]",,,,,,,,,2025-09-22 23:03:26.833122+00,2025-09-22 23:03:26.833122+00
890,291,White Lady,"[""Dame blanche""]",US,,,,,,,,,,,"[7,8]","[""US""]",,,,,,,,,2025-09-22 23:03:26.833122+00,2025-09-22 23:03:26.833122+00
891,291,Royal Glory,"[""Gloire royale""]",US,,,,,,,,,,,"[7,8]","[""US""]",,,,,,,,,2025-09-22 23:03:26.833122+00,2025-09-22 23:03:26.833122+00
892,291,Springcrest,"[""Crête de printemps""]",US,,,,,,,,,,,"[6,7]","[""US""]",,,,,,,,,2025-09-22 23:03:26.833122+00,2025-09-22 23:03:26.833122+00
893,291,Indian Blood,"[""Sang indien""]",US,,,,,,,,,,,"[9,10]","[""US""]",,,,,,,,,2025-09-22 23:03:26.833122+00,2025-09-22 23:03:26.833122+00
894,288,Doyenné du Comice,"[""Comice""]",FR,,,,,,,,,,,"[10,11,12]","[""FR""]",,,,,,,,,2025-09-22 23:03:26.833122+00,2025-09-22 23:03:26.833122+00
895,288,Beurré Hardy,"[""Hardy""]",FR,,,,,,,,,,,"[9,10]","[""FR""]",,,,,,,,,2025-09-22 23:03:26.833122+00,2025-09-22 23:03:26.833122+00
896,288,Louise Bonne d'Avranches,"[""Louise Bonne""]",FR,,,,,,,,,,,"[9,10]","[""FR""]",,,,,,,,,2025-09-22 23:03:26.833122+00,2025-09-22 23:03:26.833122+00
897,288,Duchesse d'Angoulême,"[""Duchesse""]",FR,,,,,,,,,,,"[10,11]","[""FR""]",,,,,,,,,2025-09-22 23:03:26.833122+00,2025-09-22 23:03:26.833122+00
898,288,Conférence,"[""Conference""]",GB,,,,,,,,,,,"[10,11,12]","[""GB""]",,,,,,,,,2025-09-22 23:03:26.833122+00,2025-09-22 23:03:26.833122+00
899,288,Packham's Triumph,"[""Packham""]",AU,,,,,,,,,,,"[3,4,5]","[""AU""]",,,,,,,,,2025-09-22 23:03:26.833122+00,2025-09-22 23:03:26.833122+00
900,288,Bosc,"[""Beurré Bosc""]",BE,,,,,,,,,,,"[10,11,12]","[""BE""]",,,,,,,,,2025-09-22 23:03:26.833122+00,2025-09-22 23:03:26.833122+00
901,288,Red Bartlett,"[""Bartlett rouge""]",US,,,,,,,,,,,"[8,9,10]","[""US""]",,,,,,,,,2025-09-22 23:03:26.833122+00,2025-09-22 23:03:26.833122+00
902,288,Forelle,"[""Forelle""]",DE,,,,,,,,,,,"[10,11]","[""DE""]",,,,,,,,,2025-09-22 23:03:26.833122+00,2025-09-22 23:03:26.833122+00
903,288,Seckel,"[""Seckel""]",US,,,,,,,,,,,"[9,10]","[""US""]",,,,,,,,,2025-09-22 23:03:26.833122+00,2025-09-22 23:03:26.833122+00
904,473,Cannelle,"[""Cinnamon basil""]",MX,,,,,,,,,7,365,"[6,7,8,9]","[""MX""]",,,true,true,,,true,,2025-09-22 23:03:26.833122+00,2025-09-22 23:03:26.833122+00
905,473,African Blue,"[""Bleu africain""]",KE,,,,,,,,,7,365,"[6,7,8,9]","[""KE""]",,,true,true,,,true,,2025-09-22 23:03:26.833122+00,2025-09-22 23:03:26.833122+00
906,473,Cardinal,"[""Cardinal""]",US,,,,,,,,,7,365,"[6,7,8,9]","[""US""]",,,true,true,,,true,,2025-09-22 23:03:26.833122+00,2025-09-22 23:03:26.833122+00
907,473,Anise,"[""Basilic anis""]",IN,,,,,,,,,7,365,"[6,7,8,9]","[""IN""]",,,true,true,,,true,,2025-09-22 23:03:26.833122+00,2025-09-22 23:03:26.833122+00
908,473,Lime,"[""Basilic lime""]",IN,,,,,,,,,7,365,"[6,7,8,9]","[""IN""]",,,true,true,,,true,,2025-09-22 23:03:26.833122+00,2025-09-22 23:03:26.833122+00
909,473,Holy Basil,"[""Basilic sacré""]",IN,,,,,,,,,7,365,"[6,7,8,9]","[""IN""]",,,true,true,,,true,,2025-09-22 23:03:26.833122+00,2025-09-22 23:03:26.833122+00
910,473,Dark Opal,"[""Opale sombre""]",US,,,,,,,,,7,365,"[6,7,8,9]","[""US""]",,,true,true,,,true,,2025-09-22 23:03:26.833122+00,2025-09-22 23:03:26.833122+00
911,473,Spicy Globe,"[""Globe épicé""]",GR,,,,,,,,,7,365,"[6,7,8,9]","[""GR""]",,,true,true,,,true,,2025-09-22 23:03:26.833122+00,2025-09-22 23:03:26.833122+00
912,474,Spearmint,"[""Menthe verte""]",GB,,,,,,,,,7,365,"[5,6,7,8,9,10]","[""GB""]",,,true,true,,,true,,2025-09-22 23:03:26.833122+00,2025-09-22 23:03:26.833122+00
913,474,Peppermint,"[""Menthe poivrée""]",GB,,,,,,,,,7,365,"[5,6,7,8,9,10]","[""GB""]",,,true,true,,,true,,2025-09-22 23:03:26.833122+00,2025-09-22 23:03:26.833122+00
914,474,Apple Mint,"[""Menthe pomme""]",GB,,,,,,,,,7,365,"[5,6,7,8,9,10]","[""GB""]",,,true,true,,,true,,2025-09-22 23:03:26.833122+00,2025-09-22 23:03:26.833122+00
915,474,Chocolate Mint,"[""Menthe chocolat""]",US,,,,,,,,,7,365,"[5,6,7,8,9,10]","[""US""]",,,true,true,,,true,,2025-09-22 23:03:26.833122+00,2025-09-22 23:03:26.833122+00
916,474,Pineapple Mint,"[""Menthe ananas""]",GB,,,,,,,,,7,365,"[5,6,7,8,9,10]","[""GB""]",,,true,true,,,true,,2025-09-22 23:03:26.833122+00,2025-09-22 23:03:26.833122+00
917,474,Ginger Mint,"[""Menthe gingembre""]",GB,,,,,,,,,7,365,"[5,6,7,8,9,10]","[""GB""]",,,true,true,,,true,,2025-09-22 23:03:26.833122+00,2025-09-22 23:03:26.833122+00
918,474,Orange Mint,"[""Menthe orange""]",US,,,,,,,,,7,365,"[5,6,7,8,9,10]","[""US""]",,,true,true,,,true,,2025-09-22 23:03:26.833122+00,2025-09-22 23:03:26.833122+00
919,474,Lemon Mint,"[""Menthe citron""]",US,,,,,,,,,7,365,"[5,6,7,8,9,10]","[""US""]",,,true,true,,,true,,2025-09-22 23:03:26.833122+00,2025-09-22 23:03:26.833122+00
920,474,Corsican Mint,"[""Menthe corse""]",FR,,,,,,,,,7,365,"[5,6,7,8,9,10]","[""FR""]",,,true,true,,,true,,2025-09-22 23:03:26.833122+00,2025-09-22 23:03:26.833122+00
921,474,Mojito Mint,"[""Menthe mojito""]",CU,,,,,,,,,7,365,"[5,6,7,8,9,10]","[""CU""]",,,true,true,,,true,,2025-09-22 23:03:26.833122+00,2025-09-22 23:03:26.833122+00
922,477,Commun,"[""Thym commun""]",FR,,,,,,,,,7,365,"[5,6,7,8,9,10]","[""FR""]",,,true,true,,,true,,2025-09-22 23:03:26.833122+00,2025-09-22 23:03:26.833122+00
923,477,Citron,"[""Thym citron""]",FR,,,,,,,,,7,365,"[5,6,7,8,9]","[""FR""]",,,true,true,,,true,,2025-09-22 23:03:26.833122+00,2025-09-22 23:03:26.833122+00
924,477,Serpolet,"[""Thym serpolet""]",FR,,,,,,,,,7,365,"[6,7,8,9]","[""FR""]",,,true,true,,,true,,2025-09-22 23:03:26.833122+00,2025-09-22 23:03:26.833122+00
925,477,Orange,"[""Thym orange""]",FR,,,,,,,,,7,365,"[5,6,7,8,9]","[""FR""]",,,true,true,,,true,,2025-09-22 23:03:26.833122+00,2025-09-22 23:03:26.833122+00
926,477,Carvi,"[""Thym carvi""]",FR,,,,,,,,,7,365,"[5,6,7,8,9]","[""FR""]",,,true,true,,,true,,2025-09-22 23:03:26.833122+00,2025-09-22 23:03:26.833122+00
927,477,Lavande,"[""Thym lavande""]",FR,,,,,,,,,7,365,"[6,7,8,9]","[""FR""]",,,true,true,,,true,,2025-09-22 23:03:26.833122+00,2025-09-22 23:03:26.833122+00
928,477,Argenté,"[""Thym argenté""]",FR,,,,,,,,,7,365,"[5,6,7,8,9]","[""FR""]",,,true,true,,,true,,2025-09-22 23:03:26.833122+00,2025-09-22 23:03:26.833122+00
929,477,Doré,"[""Thym doré""]",FR,,,,,,,,,7,365,"[5,6,7,8,9]","[""FR""]",,,true,true,,,true,,2025-09-22 23:03:26.833122+00,2025-09-22 23:03:26.833122+00
930,478,Officinalis,"[""Romarin officinal""]",FR,,,,,,,,,7,365,"[1,2,3,4,5,6,7,8,9,10,11,12]","[""FR""]",,,true,true,,,true,,2025-09-22 23:03:26.833122+00,2025-09-22 23:03:26.833122+00
931,478,Prostrata,"[""Romarin rampant""]",FR,,,,,,,,,7,365,"[1,2,3,4,5,6,7,8,9,10,11,12]","[""FR""]",,,true,true,,,true,,2025-09-22 23:03:26.833122+00,2025-09-22 23:03:26.833122+00
932,478,Tuscan Blue,"[""Bleu toscan""]",IT,,,,,,,,,7,365,"[1,2,3,4,5,6,7,8,9,10,11,12]","[""IT""]",,,true,true,,,true,,2025-09-22 23:03:26.833122+00,2025-09-22 23:03:26.833122+00
933,478,Arp,"[""Arp""]",US,,,,,,,,,7,365,"[1,2,3,4,5,6,7,8,9,10,11,12]","[""US""]",,,true,true,,,true,,2025-09-22 23:03:26.833122+00,2025-09-22 23:03:26.833122+00
934,478,Barbecue,"[""Barbecue""]",US,,,,,,,,,7,365,"[1,2,3,4,5,6,7,8,9,10,11,12]","[""US""]",,,true,true,,,true,,2025-09-22 23:03:26.833122+00,2025-09-22 23:03:26.833122+00
935,478,Blue Spire,"[""Flèche bleue""]",GB,,,,,,,,,7,365,"[1,2,3,4,5,6,7,8,9,10,11,12]","[""GB""]",,,true,true,,,true,,2025-09-22 23:03:26.833122+00,2025-09-22 23:03:26.833122+00
936,478,Gorizia,"[""Gorizia""]",IT,,,,,,,,,7,365,"[1,2,3,4,5,6,7,8,9,10,11,12]","[""IT""]",,,true,true,,,true,,2025-09-22 23:03:26.833122+00,2025-09-22 23:03:26.833122+00
937,478,Hill Hardy,"[""Hardy des collines""]",US,,,,,,,,,7,365,"[1,2,3,4,5,6,7,8,9,10,11,12]","[""US""]",,,true,true,,,true,,2025-09-22 23:03:26.833122+00,2025-09-22 23:03:26.833122+00
938,479,Grec,"[""Origan grec""]",GR,,,,,,,,,7,365,"[6,7,8,9,10]","[""GR""]",,,true,true,,,true,,2025-09-22 23:03:26.833122+00,2025-09-22 23:03:26.833122+00
939,479,Commun,"[""Origan commun""]",IT,,,,,,,,,7,365,"[6,7,8,9,10]","[""IT""]",,,true,true,,,true,,2025-09-22 23:03:26.833122+00,2025-09-22 23:03:26.833122+00
940,479,Doré,"[""Origan doré""]",IT,,,,,,,,,7,365,"[6,7,8,9]","[""IT""]",,,true,true,,,true,,2025-09-22 23:03:26.833122+00,2025-09-22 23:03:26.833122+00
941,479,Compact,"[""Origan compact""]",GR,,,,,,,,,7,365,"[6,7,8,9]","[""GR""]",,,true,true,,,true,,2025-09-22 23:03:26.833122+00,2025-09-22 23:03:26.833122+00
942,479,Blanc,"[""Origan à fleurs blanches""]",GR,,,,,,,,,7,365,"[6,7,8,9]","[""GR""]",,,true,true,,,true,,2025-09-22 23:03:26.833122+00,2025-09-22 23:03:26.833122+00
943,479,Turc,"[""Origan turc""]",TR,,,,,,,,,7,365,"[6,7,8,9,10]","[""TR""]",,,true,true,,,true,,2025-09-22 23:03:26.833122+00,2025-09-22 23:03:26.833122+00
944,479,Sicilien,"[""Origan sicilien""]",IT,,,,,,,,,7,365,"[6,7,8,9,10]","[""IT""]",,,true,true,,,true,,2025-09-22 23:03:26.833122+00,2025-09-22 23:03:26.833122+00
945,479,Zaatar,"[""Zaatar""]",LB,,,,,,,,,7,365,"[5,6,7,8,9,10]","[""LB""]",,,true,true,,,true,,2025-09-22 23:03:26.833122+00,2025-09-22 23:03:26.833122+00
946,481,Officinalis,"[""Sauge officinale""]",FR,,,,,,,,,7,365,"[1,2,3,4,5,6,7,8,9,10,11,12]","[""FR""]",,,true,true,,,true,,2025-09-22 23:03:26.833122+00,2025-09-22 23:03:26.833122+00
947,481,Purpurea,"[""Sauge pourpre""]",FR,,,,,,,,,7,365,"[1,2,3,4,5,6,7,8,9,10,11,12]","[""FR""]",,,true,true,,,true,,2025-09-22 23:03:26.833122+00,2025-09-22 23:03:26.833122+00
948,481,Tricolor,"[""Sauge tricolore""]",FR,,,,,,,,,7,365,"[1,2,3,4,5,6,7,8,9,10,11,12]","[""FR""]",,,true,true,,,true,,2025-09-22 23:03:26.833122+00,2025-09-22 23:03:26.833122+00
949,481,Golden,"[""Sauge dorée""]",GB,,,,,,,,,7,365,"[1,2,3,4,5,6,7,8,9,10,11,12]","[""GB""]",,,true,true,,,true,,2025-09-22 23:03:26.833122+00,2025-09-22 23:03:26.833122+00
950,481,Pineapple,"[""Sauge ananas""]",MX,,,,,,,,,7,365,"[5,6,7,8,9,10]","[""MX""]",,,true,true,,,true,,2025-09-22 23:03:26.833122+00,2025-09-22 23:03:26.833122+00
951,481,Clary,"[""Sauge sclarée""]",FR,,,,,,,,,7,365,"[6,7,8,9]","[""FR""]",,,true,true,,,true,,2025-09-22 23:03:26.833122+00,2025-09-22 23:03:26.833122+00
952,481,White,"[""Sauge blanche""]",US,,,,,,,,,7,365,"[1,2,3,4,5,6,7,8,9,10,11,12]","[""US""]",,,true,true,,,true,,2025-09-22 23:03:26.833122+00,2025-09-22 23:03:26.833122+00
953,481,Berggarten,"[""Berggarten""]",DE,,,,,,,,,7,365,"[1,2,3,4,5,6,7,8,9,10,11,12]","[""DE""]",,,true,true,,,true,,2025-09-22 23:03:26.833122+00,2025-09-22 23:03:26.833122+00
954,367,Stuttgarter Riesen,"[""Géant de Stuttgart""]",DE,,,,,,,,,,,"[1,2,3,4,5,6,7,8,9,10,11,12]","[""DE""]",,,,,,,,,2025-09-22 23:03:26.833122+00,2025-09-22 23:03:26.833122+00
955,367,Red Baron,"[""Baron rouge""]",NL,,,,,,,,,,,"[1,2,3,4,5,6,7,8,9,10,11,12]","[""NL""]",,,,,,,,,2025-09-22 23:03:26.833122+00,2025-09-22 23:03:26.833122+00
956,367,Ailsa Craig,"[""Ailsa Craig""]",GB,,,,,,,,,,,"[1,2,3,4,5,6,7,8,9,10,11,12]","[""GB""]",,,,,,,,,2025-09-22 23:03:26.833122+00,2025-09-22 23:03:26.833122+00
957,367,Walla Walla,"[""Walla Walla""]",US,,,,,,,,,,,"[6,7,8,9,10]","[""US""]",,,,,,,,,2025-09-22 23:03:26.833122+00,2025-09-22 23:03:26.833122+00
958,367,Vidalia,"[""Vidalia""]",US,,,,,,,,,,,"[5,6,7,8,9]","[""US""]",,,,,,,,,2025-09-22 23:03:26.833122+00,2025-09-22 23:03:26.833122+00
959,367,Tropea,"[""Cipolla di Tropea""]",IT,,,,,,,,,,,"[1,2,3,4,5,6,7,8,9,10,11,12]","[""IT""]",,,,,,,,,2025-09-22 23:03:26.833122+00,2025-09-22 23:03:26.833122+00
960,367,Brunswick,"[""Brunswick""]",CA,,,,,,,,,,,"[1,2,3,4,5,6,7,8,9,10,11,12]","[""CA""]",,,,,,,,,2025-09-22 23:03:26.833122+00,2025-09-22 23:03:26.833122+00
961,367,Giant Zittau,"[""Géant de Zittau""]",DE,,,,,,,,,,,"[1,2,3,4,5,6,7,8,9,10,11,12]","[""DE""]",,,,,,,,,2025-09-22 23:03:26.833122+00,2025-09-22 23:03:26.833122+00
962,367,Paris Silverskin,"[""Peau d'argent de Paris""]",FR,,,,,,,,,,,"[1,2,3,4,5,6,7,8,9,10,11,12]","[""FR""]",,,,,,,,,2025-09-22 23:03:26.833122+00,2025-09-22 23:03:26.833122+00
963,367,Red Creole,"[""Créole rouge""]",US,,,,,,,,,,,"[1,2,3,4,5,6,7,8,9,10,11,12]","[""US""]",,,,,,,,,2025-09-22 23:03:26.833122+00,2025-09-22 23:03:26.833122+00
964,369,Rocambole,"[""Rocambole""]",FR,,,,,,,,,,,"[6,7,8,9,10,11]","[""FR""]",,,,,,,,,2025-09-22 23:03:26.833122+00,2025-09-22 23:03:26.833122+00
965,369,Porcelain,"[""Porcelaine""]",RO,,,,,,,,,,,"[7,8,9,10,11,12,1,2,3]","[""RO""]",,,,,,,,,2025-09-22 23:03:26.833122+00,2025-09-22 23:03:26.833122+00
966,369,Purple Stripe,"[""Rayure pourpre""]",GE,,,,,,,,,,,"[6,7,8,9,10,11]","[""GE""]",,,,,,,,,2025-09-22 23:03:26.833122+00,2025-09-22 23:03:26.833122+00
967,369,Creole,"[""Créole""]",US,,,,,,,,,,,"[6,7,8,9,10,11,12]","[""US""]",,,,,,,,,2025-09-22 23:03:26.833122+00,2025-09-22 23:03:26.833122+00
968,369,Asiatic,"[""Asiatique""]",KR,,,,,,,,,,,"[6,7,8,9,10,11]","[""KR""]",,,,,,,,,2025-09-22 23:03:26.833122+00,2025-09-22 23:03:26.833122+00
969,369,Turban,"[""Turban""]",FR,,,,,,,,,,,"[6,7,8,9,10,11]","[""FR""]",,,,,,,,,2025-09-22 23:03:26.833122+00,2025-09-22 23:03:26.833122+00
970,369,Glazed Purple Stripe,"[""Rayure pourpre glacée""]",US,,,,,,,,,,,"[6,7,8,9,10,11]","[""US""]",,,,,,,,,2025-09-22 23:03:26.833122+00,2025-09-22 23:03:26.833122+00
971,369,Marbled Purple Stripe,"[""Rayure pourpre marbrée""]",US,,,,,,,,,,,"[6,7,8,9,10,11]","[""US""]",,,,,,,,,2025-09-22 23:03:26.833122+00,2025-09-22 23:03:26.833122+00
972,369,Silverskin,"[""Peau d'argent""]",US,,,,,,,,,,,"[1,2,3,4,5,6,7,8,9,10,11,12]","[""US""]",,,,,,,,,2025-09-22 23:03:26.833122+00,2025-09-22 23:03:26.833122+00
973,369,Artichoke,"[""Artichaut""]",US,,,,,,,,,,,"[1,2,3,4,5,6,7,8,9,10,11,12]","[""US""]",,,,,,,,,2025-09-22 23:03:26.833122+00,2025-09-22 23:03:26.833122+00
974,431,Marketmore 76,"[""Marketmore 76""]",US,,,,,,,,,,,"[6,7,8,9]","[""US""]",,,,,,,,,2025-09-22 23:03:26.833122+00,2025-09-22 23:03:26.833122+00
975,431,Japanese Climbing,"[""Grimpant japonais""]",JP,,,,,,,,,,,"[6,7,8,9]","[""JP""]",,,,,,,,,2025-09-22 23:03:26.833122+00,2025-09-22 23:03:26.833122+00
976,431,Lemon,"[""Concombre citron""]",AU,,,,,,,,,,,"[6,7,8,9]","[""AU""]",,,,,,,,,2025-09-22 23:03:26.833122+00,2025-09-22 23:03:26.833122+00
977,431,Armenian,"[""Concombre arménien""]",AM,,,,,,,,,,,"[7,8,9]","[""AM""]",,,,,,,,,2025-09-22 23:03:26.833122+00,2025-09-22 23:03:26.833122+00
978,431,Crystal Apple,"[""Pomme de cristal""]",AU,,,,,,,,,,,"[6,7,8,9]","[""AU""]",,,,,,,,,2025-09-22 23:03:26.833122+00,2025-09-22 23:03:26.833122+00
979,431,West India Gherkin,"[""Cornichon des Indes""]",IN,,,,,,,,,,,"[7,8,9]","[""IN""]",,,,,,,,,2025-09-22 23:03:26.833122+00,2025-09-22 23:03:26.833122+00
980,431,Suyo Long,"[""Suyo long""]",CN,,,,,,,,,,,"[6,7,8,9]","[""CN""]",,,,,,,,,2025-09-22 23:03:26.833122+00,2025-09-22 23:03:26.833122+00
981,431,Poona Kheera,"[""Poona Kheera""]",IN,,,,,,,,,,,"[6,7,8,9]","[""IN""]",,,,,,,,,2025-09-22 23:03:26.833122+00,2025-09-22 23:03:26.833122+00
2001,292,Bergeron,"[""Abricot Bergeron""]",FR,,,,,,,,,,,"[7,8]","[""FR""]",,,,,,,,,2025-09-21 21:35:52.565129+00,2025-09-21 21:35:52.565129+00
2002,292,Rouge du Roussillon,"[""Roussillon""]",FR,,,,,,,,,,,"[6,7]","[""FR""]",,,,,,,,,2025-09-21 21:35:52.565129+00,2025-09-21 21:35:52.565129+00
2003,292,Polonais,"[""Orangé de Provence""]",FR,,,,,,,,,,,"[7,8]","[""FR""]",,,,,,,,,2025-09-21 21:35:52.565129+00,2025-09-21 21:35:52.565129+00
2004,292,Luizet,"[""Abricot Luizet""]",FR,,,,,,,,,,,"[6,7]","[""FR""]",,,,,,,,,2025-09-21 21:35:52.565129+00,2025-09-21 21:35:52.565129+00
2005,292,Goldrich,"[""Goldrich américain""]",US,,,,,,,,,,,"[7,8]","[""US""]",,,,,,,,,2025-09-21 21:35:52.565129+00,2025-09-21 21:35:52.565129+00
2006,771,Agneau de Sisteron,"[""Sisteron IGP""]",FR,,,,,,,,,,,"[3,4,5,6,7,8,9,10,11,12]","[""FR""]",,,,,,,,,2025-09-21 21:35:52.565129+00,2025-09-21 21:35:52.565129+00
2007,771,Pré-salé du Mont-Saint-Michel,"[""Pré-salé AOC""]",FR,,,,,,,,,,,"[5,6,7,8,9,10]","[""FR""]",,,,,,,,,2025-09-21 21:35:52.565129+00,2025-09-21 21:35:52.565129+00
2008,771,Mérinos de Rambouillet,"[""Rambouillet""]",FR,,,,,,,,,,,"[1,2,3,4,5,6,7,8,9,10,11,12]","[""FR""]",,,,,,,,,2025-09-21 21:35:52.565129+00,2025-09-21 21:35:52.565129+00
2009,771,Lacaune,"[""Brebis Lacaune""]",FR,,,,,,,,,,,"[1,2,3,4,5,6,7,8,9,10,11,12]","[""FR""]",,,,,,,,,2025-09-21 21:35:52.565129+00,2025-09-21 21:35:52.565129+00
2010,771,Manech,"[""Tête noire""]",FR,,,,,,,,,,,"[1,2,3,4,5,6,7,8,9,10,11,12]","[""FR""]",,,,,,,,,2025-09-21 21:35:52.565129+00,2025-09-21 21:35:52.565129+00
2011,369,Ail violet de Cadours,"[""Cadours""]",FR,,,,,,,,,,,"[6,7,8,9,10,11,12,1]","[""FR""]",,,,,,,,,2025-09-21 21:35:52.565129+00,2025-09-21 21:35:52.565129+00
2012,369,Ail rose de Lautrec,"[""Lautrec""]",FR,,,,,,,,,,,"[6,7,8,9,10,11,12]","[""FR""]",,,,,,,,,2025-09-21 21:35:52.565129+00,2025-09-21 21:35:52.565129+00
2013,369,Ail blanc de Lomagne,"[""Lomagne""]",FR,,,,,,,,,,,"[7,8,9,10,11,12,1,2]","[""FR""]",,,,,,,,,2025-09-21 21:35:52.565129+00,2025-09-21 21:35:52.565129+00
2014,369,Germidour,"[""Ail Germidour""]",FR,,,,,,,,,,,"[6,7,8,9,10,11]","[""FR""]",,,,,,,,,2025-09-21 21:35:52.565129+00,2025-09-21 21:35:52.565129+00
2015,369,Messidrome,"[""Ail Messidrome""]",FR,,,,,,,,,,,"[6,7,8,9,10,11,12]","[""FR""]",,,,,,,,,2025-09-21 21:35:52.565129+00,2025-09-21 21:35:52.565129+00
2016,369,Fructidor,"[""Ail Fructidor""]",FR,,,,,,,,,,,"[6,7,8,9,10,11]","[""FR""]",,,,,,,,,2025-09-21 21:35:52.565129+00,2025-09-21 21:35:52.565129+00
2017,369,Thermidrôme,"[""Ail Thermidrôme""]",FR,,,,,,,,,,,"[6,7,8,9,10,11,12,1]","[""FR""]",,,,,,,,,2025-09-21 21:35:52.565129+00,2025-09-21 21:35:52.565129+00
2018,369,Ail de Chermisey,"[""Chermisey""]",FR,,,,,,,,,,,"[7,8,9,10,11]","[""FR""]",,,,,,,,,2025-09-21 21:35:52.565129+00,2025-09-21 21:35:52.565129+00
2019,369,Morado de Pedroñeras,"[""Violet d'Espagne""]",ES,,,,,,,,,,,"[6,7,8,9,10,11]","[""ES""]",,,,,,,,,2025-09-21 21:35:52.565129+00,2025-09-21 21:35:52.565129+00
2020,369,Music,"[""Ail Music""]",IT,,,,,,,,,,,"[7,8,9,10,11,12,1,2,3]","[""IT""]",,,,,,,,,2025-09-21 21:35:52.565129+00,2025-09-21 21:35:52.565129+00
2021,373,Ail des ours sauvage,"[""Wild garlic""]",FR,,,,,,,,,,,"[3,4,5]","[""FR""]",,,,,,,,,2025-09-21 21:35:52.565129+00,2025-09-21 21:35:52.565129+00
2022,373,Ail des ours cultivé,"[""Cultivated wild garlic""]",DE,,,,,,,,,,,"[3,4,5]","[""DE""]",,,,,,,,,2025-09-21 21:35:52.565129+00,2025-09-21 21:35:52.565129+00
2023,373,Ail des ours des Alpes,"[""Alpine wild garlic""]",CH,,,,,,,,,,,"[4,5]","[""CH""]",,,,,,,,,2025-09-21 21:35:52.565129+00,2025-09-21 21:35:52.565129+00
2024,373,Ail des ours précoce,"[""Early wild garlic""]",FR,,,,,,,,,,,"[3,4]","[""FR""]",,,,,,,,,2025-09-21 21:35:52.565129+00,2025-09-21 21:35:52.565129+00
2025,373,Ail des ours tardif,"[""Late wild garlic""]",FR,,,,,,,,,,,"[4,5,6]","[""FR""]",,,,,,,,,2025-09-21 21:35:52.565129+00,2025-09-21 21:35:52.565129+00
2026,301,Queen Victoria,"[""Victoria""]",MU,,,,,,,,,,,"[1,2,3,4,5,6,7,8,9,10,11,12]","[""MU""]",,,,,,,,,2025-09-21 21:35:52.565129+00,2025-09-21 21:35:52.565129+00
2027,301,Cayenne lisse,"[""Smooth Cayenne""]",CI,,,,,,,,,,,"[1,2,3,4,5,6,7,8,9,10,11,12]","[""CI""]",,,,,,,,,2025-09-21 21:35:52.565129+00,2025-09-21 21:35:52.565129+00
2028,301,Red Spanish,"[""Espagnole rouge""]",CR,,,,,,,,,,,"[1,2,3,4,5,6,7,8,9,10,11,12]","[""CR""]",,,,,,,,,2025-09-21 21:35:52.565129+00,2025-09-21 21:35:52.565129+00
2029,301,MD-2,"[""Gold Extra Sweet""]",CR,,,,,,,,,,,"[1,2,3,4,5,6,7,8,9,10,11,12]","[""CR""]",,,,,,,,,2025-09-21 21:35:52.565129+00,2025-09-21 21:35:52.565129+00
2030,301,Sugarloaf,"[""Pain de sucre""]",BR,,,,,,,,,,,"[1,2,3,4,5,6,7,8,9,10,11,12]","[""BR""]",,,,,,,,,2025-09-21 21:35:52.565129+00,2025-09-21 21:35:52.565129+00
2031,429,Violette de Barbentane,"[""Barbentane""]",FR,,,,,,,,,,,"[6,7,8,9,10]","[""FR""]",,,,,,,,,2025-09-21 21:35:52.565129+00,2025-09-21 21:35:52.565129+00
2032,429,Black Beauty,"[""Beauté noire""]",US,,,,,,,,,,,"[7,8,9,10]","[""US""]",,,,,,,,,2025-09-21 21:35:52.565129+00,2025-09-21 21:35:52.565129+00
2033,429,Violette de Florence,"[""Florence""]",IT,,,,,,,,,,,"[7,8,9]","[""IT""]",,,,,,,,,2025-09-21 21:35:52.565129+00,2025-09-21 21:35:52.565129+00
2034,429,Blanche Ronde,"[""Œuf blanc""]",FR,,,,,,,,,,,"[7,8,9]","[""IN""]",,,,,,,,,2025-09-21 21:35:52.565129+00,2025-09-21 21:35:52.565129+00
2035,429,Listada de Gandia,"[""Rayée de Gandia""]",ES,,,,,,,,,,,"[7,8,9]","[""ES""]",,,,,,,,,2025-09-21 21:35:52.565129+00,2025-09-21 21:35:52.565129+00
2036,429,Rosa Bianca,"[""Rose blanche""]",IT,,,,,,,,,,,"[7,8,9,10]","[""IT""]",,,,,,,,,2025-09-21 21:35:52.565129+00,2025-09-21 21:35:52.565129+00
2037,429,Little Finger,"[""Petit doigt""]",JP,,,,,,,,,,,"[6,7,8,9]","[""JP""]",,,,,,,,,2025-09-21 21:35:52.565129+00,2025-09-21 21:35:52.565129+00
2038,429,Thai Long Green,"[""Verte longue thaï""]",TH,,,,,,,,,,,"[6,7,8,9,10]","[""TH""]",,,,,,,,,2025-09-21 21:35:52.565129+00,2025-09-21 21:35:52.565129+00
2039,429,Ping Tung,"[""Longue de Taiwan""]",TW,,,,,,,,,,,"[6,7,8,9,10]","[""TW""]",,,,,,,,,2025-09-21 21:35:52.565129+00,2025-09-21 21:35:52.565129+00
2040,429,Diamond,"[""Diamant ukrainien""]",UA,,,,,,,,,,,"[7,8,9]","[""UA""]",,,,,,,,,2025-09-21 21:35:52.565129+00,2025-09-21 21:35:52.565129+00
2041,300,Cavendish,"[""Grande Naine""]",EC,,,,,,,,,,,"[1,2,3,4,5,6,7,8,9,10,11,12]","[""EC""]",,,,,,,,,2025-09-21 21:35:52.565129+00,2025-09-21 21:35:52.565129+00
2042,300,Plantain,"[""Banane à cuire""]",UG,,,,,,,,,,,"[1,2,3,4,5,6,7,8,9,10,11,12]","[""UG""]",,,,,,,,,2025-09-21 21:35:52.565129+00,2025-09-21 21:35:52.565129+00
2043,300,Gros Michel,"[""Big Mike""]",HN,,,,,,,,,,,"[1,2,3,4,5,6,7,8,9,10,11,12]","[""HN""]",,,,,,,,,2025-09-21 21:35:52.565129+00,2025-09-21 21:35:52.565129+00
2044,300,Lady Finger,"[""Figue sucrée""]",TH,,,,,,,,,,,"[1,2,3,4,5,6,7,8,9,10,11,12]","[""TH""]",,,,,,,,,2025-09-21 21:35:52.565129+00,2025-09-21 21:35:52.565129+00
2045,300,Red Dacca,"[""Banane rouge""]",IN,,,,,,,,,,,"[1,2,3,4,5,6,7,8,9,10,11,12]","[""IN""]",,,,,,,,,2025-09-21 21:35:52.565129+00,2025-09-21 21:35:52.565129+00
2046,473,Genovese,"[""Basilic de Gênes""]",IT,,,,,,,,,7,365,"[5,6,7,8,9]","[""IT""]",,,true,true,,,true,,2025-09-21 21:35:52.565129+00,2025-09-21 21:35:52.565129+00
2047,473,Marseillais,"[""Grand vert""]",FR,,,,,,,,,7,365,"[5,6,7,8,9]","[""FR""]",,,true,true,,,true,,2025-09-21 21:35:52.565129+00,2025-09-21 21:35:52.565129+00
2048,473,Purple Ruffles,"[""Pourpre frisé""]",US,,,,,,,,,7,365,"[6,7,8,9]","[""US""]",,,true,true,,,true,,2025-09-21 21:35:52.565129+00,2025-09-21 21:35:52.565129+00
2049,473,Citron,"[""Lemon basil""]",IN,,,,,,,,,7,365,"[6,7,8,9]","[""IN""]",,,true,true,,,true,,2025-09-21 21:35:52.565129+00,2025-09-21 21:35:52.565129+00
2050,473,Thai,"[""Basilic thaï"",""Horapa""]",TH,,,,,,,,,7,365,"[6,7,8,9]","[""TH""]",,,true,true,,,true,,2025-09-21 21:35:52.565129+00,2025-09-21 21:35:52.565129+00
2051,347,Crapaudine,"[""Betterave Crapaudine""]",FR,,,,,,,,,,,"[7,8,9,10,11]","[""FR""]",,,,,,,,,2025-09-21 21:35:52.565129+00,2025-09-21 21:35:52.565129+00
2052,347,Detroit,"[""Detroit Dark Red""]",US,,,,,,,,,,,"[7,8,9,10]","[""US""]",,,,,,,,,2025-09-21 21:35:52.565129+00,2025-09-21 21:35:52.565129+00
2053,347,Chioggia,"[""Tonda di Chioggia""]",IT,,,,,,,,,,,"[7,8,9,10]","[""IT""]",,,,,,,,,2025-09-21 21:35:52.565129+00,2025-09-21 21:35:52.565129+00
2054,347,Burpee Golden,"[""Betterave dorée""]",US,,,,,,,,,,,"[7,8,9,10]","[""US""]",,,,,,,,,2025-09-21 21:35:52.565129+00,2025-09-21 21:35:52.565129+00
2055,347,Bull's Blood,"[""Sang de taureau""]",US,,,,,,,,,,,"[6,7,8,9,10]","[""US""]",,,,,,,,,2025-09-21 21:35:52.565129+00,2025-09-21 21:35:52.565129+00
2056,347,Cylindra,"[""Formanova""]",DK,,,,,,,,,,,"[7,8,9,10]","[""DK""]",,,,,,,,,2025-09-21 21:35:52.565129+00,2025-09-21 21:35:52.565129+00
2057,347,Albina Vereduna,"[""Betterave blanche""]",NL,,,,,,,,,,,"[7,8,9,10]","[""NL""]",,,,,,,,,2025-09-21 21:35:52.565129+00,2025-09-21 21:35:52.565129+00
2058,347,Egyptian,"[""Plate d'Égypte""]",EG,,,,,,,,,,,"[6,7,8,9]","[""EG""]",,,,,,,,,2025-09-21 21:35:52.565129+00,2025-09-21 21:35:52.565129+00
2059,347,Pablo,"[""Pablo F1""]",NL,,,,,,,,,,,"[7,8,9,10]","[""NL""]",,,,,,,,,2025-09-21 21:35:52.565129+00,2025-09-21 21:35:52.565129+00
2060,347,Boltardy,"[""Betterave Boltardy""]",FR,,,,,,,,,,,"[5,6,7,8,9,10]","[""FR""]",,,,,,,,,2025-09-21 21:35:52.565129+00,2025-09-21 21:35:52.565129+00
2061,769,Charolais,"[""Charolaise""]",FR,,,,,,,,,,,"[1,2,3,4,5,6,7,8,9,10,11,12]","[""FR""]",,,,,,,,,2025-09-21 21:35:52.565129+00,2025-09-21 21:35:52.565129+00
2062,769,Limousin,"[""Limousine""]",FR,,,,,,,,,,,"[1,2,3,4,5,6,7,8,9,10,11,12]","[""FR""]",,,,,,,,,2025-09-21 21:35:52.565129+00,2025-09-21 21:35:52.565129+00
2063,769,Blonde d'Aquitaine,"[""Blonde""]",FR,,,,,,,,,,,"[1,2,3,4,5,6,7,8,9,10,11,12]","[""FR""]",,,,,,,,,2025-09-21 21:35:52.565129+00,2025-09-21 21:35:52.565129+00
2064,769,Aubrac,"[""Vache d'Aubrac""]",FR,,,,,,,,,,,"[1,2,3,4,5,6,7,8,9,10,11,12]","[""FR""]",,,,,,,,,2025-09-21 21:35:52.565129+00,2025-09-21 21:35:52.565129+00
2065,769,Salers,"[""Rouge du Massif Central""]",FR,,,,,,,,,,,"[1,2,3,4,5,6,7,8,9,10,11,12]","[""FR""]",,,,,,,,,2025-09-21 21:35:52.565129+00,2025-09-21 21:35:52.565129+00
2066,769,Maine-Anjou,"[""Rouge des prés""]",FR,,,,,,,,,,,"[1,2,3,4,5,6,7,8,9,10,11,12]","[""FR""]",,,,,,,,,2025-09-21 21:35:52.565129+00,2025-09-21 21:35:52.565129+00
2067,769,Parthenaise,"[""Parthenaise""]",FR,,,,,,,,,,,"[1,2,3,4,5,6,7,8,9,10,11,12]","[""FR""]",,,,,,,,,2025-09-21 21:35:52.565129+00,2025-09-21 21:35:52.565129+00
2068,769,Gasconne,"[""Gasconne des Pyrénées""]",FR,,,,,,,,,,,"[1,2,3,4,5,6,7,8,9,10,11,12]","[""FR""]",,,,,,,,,2025-09-21 21:35:52.565129+00,2025-09-21 21:35:52.565129+00
2069,769,Normande,"[""Normande""]",FR,,,,,,,,,,,"[1,2,3,4,5,6,7,8,9,10,11,12]","[""FR""]",,,,,,,,,2025-09-21 21:35:52.565129+00,2025-09-21 21:35:52.565129+00
2070,769,Montbéliarde,"[""Montbéliarde""]",FR,,,,,,,,,,,"[1,2,3,4,5,6,7,8,9,10,11,12]","[""FR""]",,,,,,,,,2025-09-21 21:35:52.565129+00,2025-09-21 21:35:52.565129+00
2071,401,Calabrese,"[""Calabrais vert""]",IT,,,,,,,,,,,"[6,7,8,9,10]","[""IT""]",,,,,,,,,2025-09-21 21:35:52.565129+00,2025-09-21 21:35:52.565129+00
2072,401,Marathon,"[""Marathon F1""]",US,,,,,,,,,,,"[5,6,7,8,9,10]","[""US""]",,,,,,,,,2025-09-21 21:35:52.565129+00,2025-09-21 21:35:52.565129+00
2073,401,Belstar,"[""Belstar F1""]",JP,,,,,,,,,,,"[6,7,8,9]","[""JP""]",,,,,,,,,2025-09-21 21:35:52.565129+00,2025-09-21 21:35:52.565129+00
2074,401,De Cicco,"[""Di Cicco""]",IT,,,,,,,,,,,"[4,5,6,7,8,9,10]","[""IT""]",,,,,,,,,2025-09-21 21:35:52.565129+00,2025-09-21 21:35:52.565129+00
2075,401,Purple Sprouting,"[""Brocoli violet""]",GB,,,,,,,,,,,"[2,3,4]","[""GB""]",,,,,,,,,2025-09-21 21:35:52.565129+00,2025-09-21 21:35:52.565129+00
2076,342,Nantaise,"[""Carotte de Nantes""]",FR,,,,,,,,,,,"[6,7,8,9,10,11]","[""FR""]",,,,,,,,,2025-09-21 21:35:52.565129+00,2025-09-21 21:35:52.565129+00
2077,342,Touchon,"[""Touchon précoce""]",FR,,,,,,,,,,,"[5,6,7,8]","[""FR""]",,,,,,,,,2025-09-21 21:35:52.565129+00,2025-09-21 21:35:52.565129+00
2078,342,Chantenay,"[""Chantenay à cœur rouge""]",FR,,,,,,,,,,,"[7,8,9,10]","[""FR""]",,,,,,,,,2025-09-21 21:35:52.565129+00,2025-09-21 21:35:52.565129+00
2079,342,Colmar,"[""Colmar à cœur rouge""]",FR,,,,,,,,,,,"[9,10,11,12,1]","[""FR""]",,,,,,,,,2025-09-21 21:35:52.565129+00,2025-09-21 21:35:52.565129+00
2080,342,Purple Haze,"[""Carotte violette""]",FR,,,,,,,,,,,"[7,8,9,10]","[""US""]",,,,,,,,,2025-09-21 21:35:52.565129+00,2025-09-21 21:35:52.565129+00
2081,342,Jaune du Doubs,"[""Carotte jaune""]",FR,,,,,,,,,,,"[8,9,10,11]","[""FR""]",,,,,,,,,2025-09-21 21:35:52.565129+00,2025-09-21 21:35:52.565129+00
2082,342,De Carentan,"[""Carotte de Carentan""]",FR,,,,,,,,,,,"[10,11,12,1,2]","[""FR""]",,,,,,,,,2025-09-21 21:35:52.565129+00,2025-09-21 21:35:52.565129+00
2083,342,Cosmic Purple,"[""Purple cosmique""]",US,,,,,,,,,,,"[7,8,9,10]","[""US""]",,,,,,,,,2025-09-21 21:35:52.565129+00,2025-09-21 21:35:52.565129+00
2084,342,Atomic Red,"[""Rouge atomique""]",US,,,,,,,,,,,"[7,8,9,10]","[""US""]",,,,,,,,,2025-09-21 21:35:52.565129+00,2025-09-21 21:35:52.565129+00
2085,342,White Satin,"[""Blanche satinée""]",US,,,,,,,,,,,"[7,8,9,10]","[""US""]",,,,,,,,,2025-09-21 21:35:52.565129+00,2025-09-21 21:35:52.565129+00
2086,342,Imperator,"[""Imperator 58""]",US,,,,,,,,,,,"[7,8,9,10,11]","[""US""]",,,,,,,,,2025-09-21 21:35:52.565129+00,2025-09-21 21:35:52.565129+00
2087,342,Danvers,"[""Danvers Half Long""]",US,,,,,,,,,,,"[7,8,9,10]","[""US""]",,,,,,,,,2025-09-21 21:35:52.565129+00,2025-09-21 21:35:52.565129+00
2088,342,Paris Market,"[""Tonda di Parigi""]",FR,,,,,,,,,,,"[5,6,7,8]","[""FR""]",,,,,,,,,2025-09-21 21:35:52.565129+00,2025-09-21 21:35:52.565129+00
2089,342,Scarlet Nantes,"[""Nantaise améliorée""]",FR,,,,,,,,,,,"[6,7,8,9]","[""FR""]",,,,,,,,,2025-09-21 21:35:52.565129+00,2025-09-21 21:35:52.565129+00
2090,342,Kuroda,"[""Kuroda japonaise""]",JP,,,,,,,,,,,"[7,8,9,10,11]","[""JP""]",,,,,,,,,2025-09-21 21:35:52.565129+00,2025-09-21 21:35:52.565129+00
2091,413,Vert d'Elne,"[""Elne""]",FR,,,,,,,,,,,"[8,9,10,11,12]","[""FR""]",,,,,,,,,2025-09-21 21:35:52.565129+00,2025-09-21 21:35:52.565129+00
2092,413,Géant Doré,"[""Golden Giant""]",FR,,,,,,,,,,,"[9,10,11,12]","[""FR""]",,,,,,,,,2025-09-21 21:35:52.565129+00,2025-09-21 21:35:52.565129+00
2093,413,Plein Blanc Pascal,"[""Pascal""]",FR,,,,,,,,,,,"[10,11,12,1]","[""FR""]",,,,,,,,,2025-09-21 21:35:52.565129+00,2025-09-21 21:35:52.565129+00
2094,413,Tall Utah,"[""Utah""]",US,,,,,,,,,,,"[8,9,10,11]","[""US""]",,,,,,,,,2025-09-21 21:35:52.565129+00,2025-09-21 21:35:52.565129+00
2095,413,Tango,"[""Tango F1""]",NL,,,,,,,,,,,"[8,9,10,11]","[""NL""]",,,,,,,,,2025-09-21 21:35:52.565129+00,2025-09-21 21:35:52.565129+00
2096,364,Monarch,"[""Céleri-rave Monarch""]",CZ,,,,,,,,,,,"[9,10,11,12,1,2]","[""CZ""]",,,,,,,,,2025-09-21 21:35:52.565129+00,2025-09-21 21:35:52.565129+00
2097,364,Ibis,"[""Céleri-rave Ibis""]",NL,,,,,,,,,,,"[9,10,11,12]","[""NL""]",,,,,,,,,2025-09-21 21:35:52.565129+00,2025-09-21 21:35:52.565129+00
2098,364,Mars,"[""Céleri Mars""]",CZ,,,,,,,,,,,"[10,11,12,1,2]","[""CZ""]",,,,,,,,,2025-09-21 21:35:52.565129+00,2025-09-21 21:35:52.565129+00
2099,364,Brilliant,"[""Brilliant celeriac""]",CZ,,,,,,,,,,,"[10,11,12,1]","[""CZ""]",,,,,,,,,2025-09-21 21:35:52.565129+00,2025-09-21 21:35:52.565129+00
2100,364,Prinz,"[""Prince""]",DE,,,,,,,,,,,"[9,10,11,12,1]","[""DE""]",,,,,,,,,2025-09-21 21:35:52.565129+00,2025-09-21 21:35:52.565129+00
2101,290,Burlat,"[""Bigarreau Burlat""]",FR,,,,,,,,,,,"[5,6]","[""FR""]",,,,,,,,,2025-09-21 21:35:52.565129+00,2025-09-21 21:35:52.565129+00
2102,290,Napoleon,"[""Bigarreau Napoléon""]",FR,,,,,,,,,,,"[6,7]","[""FR""]",,,,,,,,,2025-09-21 21:35:52.565129+00,2025-09-21 21:35:52.565129+00
2103,290,Reverchon,"[""Bigarreau Reverchon""]",FR,,,,,,,,,,,"[6,7]","[""FR""]",,,,,,,,,2025-09-21 21:35:52.565129+00,2025-09-21 21:35:52.565129+00
2104,290,Summit,"[""Summit tardive""]",FR,,,,,,,,,,,"[6,7]","[""CA""]",,,,,,,,,2025-09-21 21:35:52.565129+00,2025-09-21 21:35:52.565129+00
2105,290,Montmorency,"[""Griotte de Montmorency""]",FR,,,,,,,,,,,"[6,7]","[""FR""]",,,,,,,,,2025-09-21 21:35:52.565129+00,2025-09-21 21:35:52.565129+00
2106,290,Morello,"[""Griotte anglaise""]",GB,,,,,,,,,,,"[7,8]","[""GB""]",,,,,,,,,2025-09-21 21:35:52.565129+00,2025-09-21 21:35:52.565129+00
2107,290,Rainier,"[""Cerise blanche Rainier""]",US,,,,,,,,,,,"[6,7]","[""US""]",,,,,,,,,2025-09-21 21:35:52.565129+00,2025-09-21 21:35:52.565129+00
2108,290,Sweetheart,"[""Cœur sucré""]",CA,,,,,,,,,,,"[7,8]","[""CA""]",,,,,,,,,2025-09-21 21:35:52.565129+00,2025-09-21 21:35:52.565129+00
2109,290,Lapins,"[""Lapins autofertile""]",CA,,,,,,,,,,,[7],"[""CA""]",,,,,,,,,2025-09-21 21:35:52.565129+00,2025-09-21 21:35:52.565129+00
2110,290,Kordia,"[""Kordia ferme""]",CZ,,,,,,,,,,,"[6,7]","[""CZ""]",,,,,,,,,2025-09-21 21:35:52.565129+00,2025-09-21 21:35:52.565129+00
2111,935,Champignon de Paris blanc,"[""Button mushroom""]",FR,,,,,,,,,,,"[1,2,3,4,5,6,7,8,9,10,11,12]","[""FR""]",,,,,,,,,2025-09-21 21:35:52.565129+00,2025-09-21 21:35:52.565129+00
2112,935,Champignon de Paris brun,"[""Crimini""]",FR,,,,,,,,,,,"[1,2,3,4,5,6,7,8,9,10,11,12]","[""FR""]",,,,,,,,,2025-09-21 21:35:52.565129+00,2025-09-21 21:35:52.565129+00
2113,935,Portobello,"[""Champignon géant""]",US,,,,,,,,,,,"[1,2,3,4,5,6,7,8,9,10,11,12]","[""US""]",,,,,,,,,2025-09-21 21:35:52.565129+00,2025-09-21 21:35:52.565129+00
2114,935,Shiitake,"[""Lentin du chêne""]",JP,,,,,,,,,,,"[1,2,3,4,5,6,7,8,9,10,11,12]","[""JP""]",,,,,,,,,2025-09-21 21:35:52.565129+00,2025-09-21 21:35:52.565129+00
2115,935,Pleurote,"[""Oyster mushroom""]",FR,,,,,,,,,,,"[1,2,3,4,5,6,7,8,9,10,11,12]","[""FR""]",,,,,,,,,2025-09-21 21:35:52.565129+00,2025-09-21 21:35:52.565129+00
2116,935,Enoki,"[""Enokitake""]",JP,,,,,,,,,,,"[1,2,3,4,5,6,7,8,9,10,11,12]","[""JP""]",,,,,,,,,2025-09-21 21:35:52.565129+00,2025-09-21 21:35:52.565129+00
2117,935,Maitake,"[""Poule des bois""]",JP,,,,,,,,,,,"[9,10,11]","[""JP""]",,,,,,,,,2025-09-21 21:35:52.565129+00,2025-09-21 21:35:52.565129+00
2118,935,Cèpe de Bordeaux,"[""Boletus edulis""]",FR,,,,,,,,,,,"[9,10,11]","[""FR""]",,,,,,,,,2025-09-21 21:35:52.565129+00,2025-09-21 21:35:52.565129+00
2119,935,Chanterelle,"[""Girolle""]",FR,,,,,,,,,,,"[6,7,8,9,10]","[""FR""]",,,,,,,,,2025-09-21 21:35:52.565129+00,2025-09-21 21:35:52.565129+00
2120,935,Morille,"[""Morchella""]",FR,,,,,,,,,,,"[4,5]","[""FR""]",,,,,,,,,2025-09-21 21:35:52.565129+00,2025-09-21 21:35:52.565129+00
2121,400,Chou de Milan,"[""Savoy cabbage""]",IT,,,,,,,,,,,"[10,11,12,1,2]","[""IT""]",,,,,,,,,2025-09-21 21:35:52.565129+00,2025-09-21 21:35:52.565129+00
2122,400,Chou pointu,"[""Pointed cabbage""]",FR,,,,,,,,,,,"[6,7,8]","[""FR""]",,,,,,,,,2025-09-21 21:35:52.565129+00,2025-09-21 21:35:52.565129+00
2123,400,Chou rouge,"[""Red cabbage""]",NL,,,,,,,,,,,"[9,10,11,12,1]","[""NL""]",,,,,,,,,2025-09-21 21:35:52.565129+00,2025-09-21 21:35:52.565129+00
2124,400,Chou blanc,"[""White cabbage""]",DE,,,,,,,,,,,"[10,11,12,1,2,3]","[""DE""]",,,,,,,,,2025-09-21 21:35:52.565129+00,2025-09-21 21:35:52.565129+00
2125,400,Chou cœur de bœuf,"[""Oxheart cabbage""]",FR,,,,,,,,,,,"[6,7,8,9]","[""FR""]",,,,,,,,,2025-09-21 21:35:52.565129+00,2025-09-21 21:35:52.565129+00
2126,400,Quintal d'Alsace,"[""Alsace cabbage""]",FR,,,,,,,,,,,"[10,11,12,1]","[""FR""]",,,,,,,,,2025-09-21 21:35:52.565129+00,2025-09-21 21:35:52.565129+00
2127,400,Brunswick,"[""Brunswick cabbage""]",DE,,,,,,,,,,,"[10,11,12,1,2]","[""DE""]",,,,,,,,,2025-09-21 21:35:52.565129+00,2025-09-21 21:35:52.565129+00
2128,400,Express,"[""Early cabbage""]",FR,,,,,,,,,,,"[5,6,7]","[""FR""]",,,,,,,,,2025-09-21 21:35:52.565129+00,2025-09-21 21:35:52.565129+00
2129,400,Marché de Copenhague,"[""Copenhagen Market""]",DK,,,,,,,,,,,"[7,8,9]","[""DK""]",,,,,,,,,2025-09-21 21:35:52.565129+00,2025-09-21 21:35:52.565129+00
2130,400,Filderkraut,"[""Filder cabbage""]",DE,,,,,,,,,,,"[9,10,11]","[""DE""]",,,,,,,,,2025-09-21 21:35:52.565129+00,2025-09-21 21:35:52.565129+00
2131,388,Pe-tsaï,"[""Napa cabbage""]",CN,,,,,,,,,,,"[9,10,11,12]","[""CN""]",,,,,,,,,2025-09-21 21:35:52.565129+00,2025-09-21 21:35:52.565129+00
2132,388,Pak-choï,"[""Bok choy""]",CN,,,,,,,,,,,"[5,6,7,8,9]","[""CN""]",,,,,,,,,2025-09-21 21:35:52.565129+00,2025-09-21 21:35:52.565129+00
2133,388,Michihili,"[""Michihili Chinese cabbage""]",CN,,,,,,,,,,,"[8,9,10,11]","[""CN""]",,,,,,,,,2025-09-21 21:35:52.565129+00,2025-09-21 21:35:52.565129+00
2134,388,Wong Bok,"[""Wong Bok cabbage""]",CN,,,,,,,,,,,"[9,10,11]","[""CN""]",,,,,,,,,2025-09-21 21:35:52.565129+00,2025-09-21 21:35:52.565129+00
2135,388,Joi Choi,"[""Joi Choi F1""]",JP,,,,,,,,,,,"[5,6,7,8,9]","[""JP""]",,,,,,,,,2025-09-21 21:35:52.565129+00,2025-09-21 21:35:52.565129+00
2136,403,Groninger,"[""Groninger""]",NL,,,,,,,,,,,"[10,11,12,1]","[""NL""]",,,,,,,,,2025-09-21 21:35:52.565129+00,2025-09-21 21:35:52.565129+00
2137,403,Jade Cross,"[""Jade Cross F1""]",JP,,,,,,,,,,,"[9,10,11,12]","[""JP""]",,,,,,,,,2025-09-21 21:35:52.565129+00,2025-09-21 21:35:52.565129+00
