id,name,canonical_food_id,cultivar_id,process,shelf_life_days,open_shelf_life_days,open_shelf_life_unit,storage_profile,created_at,updated_at,notes,density_g_per_ml,grams_per_unit,primary_unit,nutrition_modifier_id,is_default,shelf_life_days_pantry,shelf_life_days_fridge,shelf_life_days_freezer,open_shelf_life_days_pantry,open_shelf_life_days_fridge,open_shelf_life_days_freezer,parent_archetype_id
14,Aubergines confites,1001,,confisage,14,,days,réfrigéré,2025-10-04 13:05:32.404841+00,2025-10-28 12:31:05.276084+00,Aubergines cuites lentement dans l'huile,,,,3476,f,14,14,140,,,,
15,Aubergines grillées,1001,,grillage,5,,days,réfrigéré,2025-10-04 13:05:32.404841+00,2025-10-28 12:31:05.276084+00,Aubergines grillées et marinées,,,,3476,f,5,5,50,,,,
16,Purée d'aubergines,1001,,cuisson et mixage,5,,days,réfrigéré,2025-10-04 13:05:32.404841+00,2025-10-28 12:31:05.276084+00,Aubergines cuites et mixées,,,,3476,f,5,5,50,,,,
185,Lait entier UHT,7001,,,90,3,days,température ambiante puis réfrigéré,2025-10-04 17:24:01.602539+00,2025-10-30 17:19:37.101885+00,,,,,3467,f,90,7,90,,3,30,336
186,Lait demi-écrémé UHT,7001,,,90,3,days,température ambiante puis réfrigéré,2025-10-04 17:24:01.602539+00,2025-10-30 17:19:37.101885+00,,,,,3467,f,90,7,90,,3,30,336
187,Lait écrémé UHT,7001,,,90,3,days,température ambiante puis réfrigéré,2025-10-04 17:24:01.602539+00,2025-10-30 17:19:37.101885+00,,,,,3467,f,90,7,90,,3,30,336
105,Basilic lacto-fermenté,1004,,lacto-fermentation,90,,days,réfrigéré,2025-10-04 13:10:13.5716+00,2025-10-28 12:31:05.276084+00,Basilic fermenté en saumure,,,,6185,f,90,90,900,,,,
188,Lait entier frais,7001,,,7,3,days,réfrigéré,2025-10-04 17:24:01.602539+00,2025-10-30 17:19:37.101885+00,,,,,3467,f,90,7,90,,3,30,336
189,Lait demi-écrémé frais,7001,,,7,3,days,réfrigéré,2025-10-04 17:24:01.602539+00,2025-10-30 17:19:37.101885+00,,,,,3467,f,90,7,90,,3,30,336
339,bière,8,,fermentation,,,days,,2025-10-30 17:51:14.602152+00,2025-10-30 17:51:14.602152+00,,,,ml,,f,,,,,,,
190,Lait écrémé frais,7001,,,7,3,days,réfrigéré,2025-10-04 17:24:01.602539+00,2025-10-30 17:19:37.101885+00,,,,,3467,f,90,7,90,,3,30,336
191,Lait concentré non sucré,7001,,,365,5,days,température ambiante puis réfrigéré,2025-10-04 17:24:01.602539+00,2025-10-30 17:19:37.101885+00,,,,,3467,f,90,7,90,,3,30,336
74,Compote de cerises,1008,,cuisson,7,,days,réfrigéré,2025-10-04 13:07:06.100763+00,2025-10-28 12:31:05.276084+00,Cerises cuites et écrasées,,,,3847,f,7,7,70,,,,
222,Lait d'avoine,5001,,,90,5,days,température ambiante puis réfrigéré,2025-10-04 17:24:01.602539+00,2025-10-28 15:14:11.228694+00,,,,,4107,f,90,7,90,,3,30,
76,Jus de cerise,1008,,extraction,5,,days,réfrigéré,2025-10-04 13:07:06.100763+00,2025-10-28 12:31:05.276084+00,Jus extrait de cerises fraîches,,,,3847,f,5,5,50,,,,
102,Basilic congelé haché,1004,,hachage et congélation,180,,days,congélateur,2025-10-04 13:10:13.5716+00,2025-10-28 15:14:11.228694+00,Basilic frais haché et congelé,,,,6185,f,,2,120,,1,60,
340,bière blonde,8,,fermentation,,,days,,2025-10-30 17:51:14.602152+00,2025-10-30 17:51:14.602152+00,,,,ml,,f,,,,,,,339
341,bière ambrée,8,,fermentation,,,days,,2025-10-30 17:51:14.602152+00,2025-10-30 17:51:14.602152+00,,,,ml,,f,,,,,,,339
342,bière brune,8,,fermentation,,,days,,2025-10-30 17:51:14.602152+00,2025-10-30 17:51:14.602152+00,,,,ml,,f,,,,,,,339
41,Salade lavée et essorée sous vide,1031,,lavage et emballage sous vide,5,,days,réfrigéré,2025-10-04 13:05:32.404841+00,2025-10-28 15:14:11.228694+00,"Salade lavée, essorée et mise sous vide",,,,3469,f,,5,180,,2,90,
343,cidre,9,,fermentation,,,days,,2025-10-30 17:51:14.602152+00,2025-10-30 17:51:14.602152+00,,,,ml,,f,,,,,,,
88,Fraises séchées,1022,,séchage,180,,days,frais et sec,2025-10-04 13:07:06.100763+00,2025-10-28 12:31:05.276084+00,Fraises tranchées et déshydratées,,,,3851,f,180,180,1800,,,,
89,Compote de fraises,1022,,cuisson,7,,days,réfrigéré,2025-10-04 13:07:06.100763+00,2025-10-28 12:31:05.276084+00,Fraises cuites et écrasées,,,,3851,f,7,7,70,,,,
91,Fraises congelées,1022,,congélation,270,,days,congélateur,2025-10-04 13:07:06.100763+00,2025-10-28 12:31:05.276084+00,"Fraises entières ou coupées, congelées",,,,3851,f,270,270,2700,,,,
92,Coulis de fraises,1022,,mixage et filtrage,5,,days,réfrigéré,2025-10-04 13:07:06.100763+00,2025-10-28 12:31:05.276084+00,Fraises mixées et filtrées en sauce liquide,,,,3851,f,5,5,50,,,,
42,Salade cuite vapeur,1031,,cuisson vapeur,3,,days,réfrigéré,2025-10-04 13:05:32.404841+00,2025-10-28 12:31:05.276084+00,Laitue cuite à la vapeur,,,,3469,f,3,3,30,,,,
116,Menthe congelée,1037,,hachage et congélation,180,,days,congélateur,2025-10-04 13:10:13.5716+00,2025-10-28 12:31:05.276084+00,Menthe fraîche hachée et congelée,,,,5520,f,180,180,1800,,,,
118,Infusion de menthe concentrée,1037,,infusion et réduction,7,,days,réfrigéré,2025-10-04 13:10:13.5716+00,2025-10-28 12:31:05.276084+00,Infusion de menthe réduite,,,,5520,f,7,7,70,,,,
43,Poudre de laitue séchée,1031,,séchage et broyage,180,,days,frais et sec,2025-10-04 13:05:32.404841+00,2025-10-28 15:14:11.228694+00,Laitue séchée et réduite en poudre,,,,3469,f,,5,180,,2,90,
44,Jus de laitue,1031,,extraction,2,,days,réfrigéré,2025-10-04 13:05:32.404841+00,2025-10-28 15:14:11.228694+00,Jus extrait de laitue fraîche,,,,3469,f,,5,180,,2,90,
29,Carottes râpées sous vide,1005,,râpage et mise sous vide,7,,days,réfrigéré,2025-10-04 13:05:32.404841+00,2025-10-28 15:14:11.228694+00,Carottes râpées fraîches sous vide,,,,3584,f,7,21,270,,,,
344,cidre brut,9,,fermentation,,,days,,2025-10-30 17:51:14.602152+00,2025-10-30 17:51:14.602152+00,,,,ml,,f,,,,,,,343
200,Crème UHT liquide,7001,,,90,3,days,température ambiante puis réfrigéré,2025-10-04 17:24:01.602539+00,2025-10-30 17:19:37.101885+00,,,,,3467,f,,30,120,,3,60,337
214,Yaourt aux fruits,7001,,,30,5,days,réfrigéré,2025-10-04 17:24:01.602539+00,2025-10-30 17:19:37.101885+00,,,,,3467,f,,21,60,,3,,333
237,Bûche de chèvre sec,,1,,60,10,days,réfrigéré,2025-10-04 17:25:53.774151+00,2025-10-30 17:30:15.557273+00,,,,,3467,f,60,60,600,10,10,100,
345,steak de bœuf,14011,,steak,,,days,,2025-10-30 18:05:55.23725+00,2025-10-30 18:05:55.23725+00,,,,g,,f,,,,,,,
224,Lait de coco,1043,,,90,5,days,température ambiante puis réfrigéré,2025-10-04 17:24:01.602539+00,2025-10-28 15:14:11.228694+00,,,,,4017,f,90,7,90,,3,30,
346,entrecôte de bœuf,14011,,steak,,,days,,2025-10-30 18:05:55.23725+00,2025-10-30 18:05:55.23725+00,,,,g,,f,,,,,,,345
347,bavette,14011,,steak,,,days,,2025-10-30 18:05:55.23725+00,2025-10-30 18:05:55.23725+00,,,,g,,f,,,,,,,345
348,pavé de bœuf,14011,,steak,,,days,,2025-10-30 18:05:55.23725+00,2025-10-30 18:05:55.23725+00,,,,g,,f,,,,,,,345
349,bœuf en morceaux,14011,,en morceaux,,,days,,2025-10-30 18:05:55.23725+00,2025-10-30 18:05:55.23725+00,,,,g,,f,,,,,,,
350,bœuf à braiser,14011,,en morceaux,,,days,,2025-10-30 18:05:55.23725+00,2025-10-30 18:05:55.23725+00,,,,g,,f,,,,,,,349
80,Confiture de pêches,1048,,cuisson avec sucre,365,14,days,température ambiante,2025-10-04 13:07:06.100763+00,2025-10-28 15:14:11.228694+00,Pêches cuites avec sucre,,,,3870,f,5,7,270,,,,
67,Abricots séchés,1009,,séchage,180,,days,frais et sec,2025-10-04 13:07:06.100763+00,2025-10-28 15:14:11.228694+00,Abricots dénoyautés et déshydratés,,,,3843,f,5,7,270,,,,
70,Jus d'abricot,1009,,extraction,5,,days,réfrigéré,2025-10-04 13:07:06.100763+00,2025-10-28 15:14:11.228694+00,Jus extrait d'abricots frais,,,,3843,f,5,7,270,,,,
122,Sel au persil,1049,,séchage et mélange avec sel,365,,days,frais et sec,2025-10-04 13:10:13.5716+00,2025-10-28 12:31:05.276084+00,Mélange de persil séché et sel,,,,3236,f,365,365,3650,,,,
61,Poires séchées,1050,,séchage,180,,days,frais et sec,2025-10-04 13:07:06.100763+00,2025-10-28 12:31:05.276084+00,Poires tranchées et déshydratées,,,,3470,f,180,180,1800,,,,
62,Compote de poires,1050,,cuisson,7,,days,réfrigéré,2025-10-04 13:07:06.100763+00,2025-10-28 12:31:05.276084+00,Poires cuites et écrasées,,,,3470,f,7,7,70,,,,
64,Jus de poire,1050,,extraction,5,,days,réfrigéré,2025-10-04 13:07:06.100763+00,2025-10-28 12:31:05.276084+00,Jus extrait de poires fraîches,,,,3470,f,5,5,50,,,,
72,Purée d'abricots congelée,1009,,cuisson et congélation,180,,days,congélateur,2025-10-04 13:07:06.100763+00,2025-10-28 15:14:11.228694+00,"Abricots cuits et mixés, congelés",,,,3843,f,5,7,270,,,,
78,Pêches séchées,1048,,séchage,180,,days,frais et sec,2025-10-04 13:07:06.100763+00,2025-10-28 15:14:11.228694+00,Pêches tranchées et déshydratées,,,,3870,f,5,7,270,,,,
79,Compote de pêches,1048,,cuisson,7,,days,réfrigéré,2025-10-04 13:07:06.100763+00,2025-10-28 15:14:11.228694+00,Pêches cuites et écrasées,,,,3870,f,5,7,270,,,,
81,Jus de pêche,1048,,extraction,5,,days,réfrigéré,2025-10-04 13:07:06.100763+00,2025-10-28 15:14:11.228694+00,Jus extrait de pêches fraîches,,,,3870,f,5,7,270,,,,
192,Lait concentré sucré,7001,,,365,7,days,température ambiante puis réfrigéré,2025-10-04 17:24:01.602539+00,2025-10-30 17:19:37.101885+00,,,,,3467,f,90,7,90,,3,30,336
66,Purée de poires congelée,1050,,cuisson et congélation,180,,days,congélateur,2025-10-04 13:07:06.100763+00,2025-10-28 12:31:05.276084+00,"Poires cuites et mixées, congelées",,,,3470,f,180,180,1800,,,,
9,Paprika (poudre de poivron),1051,,séchage et broyage,365,,days,température ambiante,2025-10-04 13:05:32.404841+00,2025-10-28 12:31:05.276084+00,Poivrons séchés puis réduits en poudre,,,,3518,f,365,365,3650,,,,
10,Poivrons grillés,1051,,grillage,7,,days,réfrigéré,2025-10-04 13:05:32.404841+00,2025-10-28 12:31:05.276084+00,"Poivrons grillés et pelés, saveur fumée",,,,3518,f,7,7,70,,,,
12,Poivrons lacto-fermentés,1051,,lacto-fermentation,90,,days,réfrigéré,2025-10-04 13:05:32.404841+00,2025-10-28 12:31:05.276084+00,Poivrons fermentés en saumure,,,,3518,f,90,90,900,,,,
13,Purée de poivrons congelée,1051,,cuisson et congélation,180,,days,congélateur,2025-10-04 13:05:32.404841+00,2025-10-28 12:31:05.276084+00,"Poivrons cuits et mixés, congelés en portions",,,,3518,f,180,180,1800,,,,
51,Pommes séchées,1052,,séchage,180,,days,frais et sec,2025-10-04 13:07:06.100763+00,2025-10-28 12:31:05.276084+00,Pommes tranchées et déshydratées,,,,3561,f,180,180,1800,,,,
52,Compote de pommes,1052,,cuisson,7,,days,réfrigéré,2025-10-04 13:07:06.100763+00,2025-10-28 12:31:05.276084+00,Pommes cuites et écrasées,,,,3561,f,7,7,70,,,,
193,Lait en poudre,7001,,,730,30,days,frais et sec,2025-10-04 17:24:01.602539+00,2025-10-30 17:19:37.101885+00,,,,,3467,f,90,7,90,,3,30,336
55,Jus de pomme,1052,,extraction,5,,days,réfrigéré,2025-10-04 13:07:06.100763+00,2025-10-28 12:31:05.276084+00,Jus extrait de pommes fraîches,,,,3561,f,5,5,50,,,,
351,bœuf à mijoter,14011,,en morceaux,,,days,,2025-10-30 18:05:55.23725+00,2025-10-30 18:05:55.23725+00,,,,g,,f,,,,,,,349
57,Purée de pommes congelée,1052,,cuisson et congélation,180,,days,congélateur,2025-10-04 13:07:06.100763+00,2025-10-28 12:31:05.276084+00,"Pommes cuites et mixées, congelées",,,,3561,f,180,180,1800,,,,
58,Chips de pomme séchées,1052,,séchage fin,120,,days,frais et sec,2025-10-04 13:07:06.100763+00,2025-10-28 12:31:05.276084+00,Pommes finement tranchées et déshydratées,,,,3561,f,120,120,1200,,,,
59,Pommes au four,1052,,cuisson four,3,,days,réfrigéré,2025-10-04 13:07:06.100763+00,2025-10-28 12:31:05.276084+00,Pommes cuites au four,,,,3561,f,3,3,30,,,,
194,Lait sans lactose,7001,,,90,3,days,température ambiante puis réfrigéré,2025-10-04 17:24:01.602539+00,2025-10-30 17:19:37.101885+00,,,,,3467,f,90,7,90,,3,30,336
352,paleron de bœuf,14011,,en morceaux,,,days,,2025-10-30 18:05:55.23725+00,2025-10-30 18:05:55.23725+00,,,,g,,f,,,,,,,349
353,côte de bœuf,14011,,côte,,,days,,2025-10-30 18:05:55.23725+00,2025-10-30 18:05:55.23725+00,,,,g,,f,,,,,,,
360,veau pour blanquette,8015,,en morceaux,,,days,,2025-10-30 18:05:55.23725+00,2025-10-30 18:05:55.23725+00,,,,g,,f,,,,,,,358
354,filet de bœuf,14011,,filet,,,days,,2025-10-30 18:05:55.23725+00,2025-10-30 18:05:55.23725+00,,,,g,,f,,,,,,,
355,araignée de bœuf,14011,,transformation,,,days,,2025-10-30 18:05:55.23725+00,2025-10-30 18:05:55.23725+00,,,,g,,f,,,,,,,
356,bœuf effiloché,14011,,transformation,,,days,,2025-10-30 18:05:55.23725+00,2025-10-30 18:05:55.23725+00,,,,g,,f,,,,,,,
357,escalope de veau,8015,,escalope,,,days,,2025-10-30 18:05:55.23725+00,2025-10-30 18:05:55.23725+00,,,,pièce,,f,,,,,,,
358,veau en morceaux,8015,,en morceaux,,,days,,2025-10-30 18:05:55.23725+00,2025-10-30 18:05:55.23725+00,,,,g,,f,,,,,,,
359,sauté de veau,8015,,en morceaux,,,days,,2025-10-30 18:05:55.23725+00,2025-10-30 18:05:55.23725+00,,,,g,,f,,,,,,,358
361,rôti de veau,8015,,rôti,,,days,,2025-10-30 18:05:55.23725+00,2025-10-30 18:05:55.23725+00,,,,g,,f,,,,,,,
362,veau haché,8015,,haché,,,days,,2025-10-30 18:05:55.23725+00,2025-10-30 18:05:55.23725+00,,,,g,,f,,,,,,,
363,côte de veau,8015,,côte,,,days,,2025-10-30 18:05:55.23725+00,2025-10-30 18:05:55.23725+00,,,,pièce,,f,,,,,,,
364,filet de veau,8015,,filet,,,days,,2025-10-30 18:05:55.23725+00,2025-10-30 18:05:55.23725+00,,,,g,,f,,,,,,,
365,jarret de veau,8015,,jarret,,,days,,2025-10-30 18:05:55.23725+00,2025-10-30 18:05:55.23725+00,,,,tranche,,f,,,,,,,
366,paupiettes de veau,8015,,transformation,,,days,,2025-10-30 18:05:55.23725+00,2025-10-30 18:05:55.23725+00,,,,pièce,,f,,,,,,,
98,Poudre de pomme,1052,,séchage et broyage,365,,days,frais et sec,2025-10-04 13:07:06.100763+00,2025-10-28 12:31:05.276084+00,Pommes déshydratées et réduites en poudre,,,,3561,f,365,365,3650,,,,
47,Frites surgelées maison,1053,,pré-cuisson et congélation,180,,days,congélateur,2025-10-04 13:05:32.404841+00,2025-10-28 12:31:05.276084+00,Pommes de terre pré-cuites et congelées,,,,3756,f,180,180,1800,,,,
367,grenadins de veau,8015,,transformation,,,days,,2025-10-30 18:05:55.23725+00,2025-10-30 18:05:55.23725+00,,,,g,,f,,,,,,,
3,Coulis de tomate,1059,,cuisson et réduction,5,,days,réfrigéré,2025-10-04 13:05:32.404841+00,2025-10-28 15:14:11.228694+00,Tomates cuites et réduites en sauce lisse,,,,3474,f,7,14,180,,,,
93,Raisins secs,1057,,séchage,365,,days,frais et sec,2025-10-04 13:07:06.100763+00,2025-10-28 12:31:05.276084+00,Raisins déshydratés,,,,3874,f,365,365,3650,,,,
6,Tomates lacto-fermentées,1059,,lacto-fermentation,90,,days,réfrigéré,2025-10-04 13:05:32.404841+00,2025-10-28 15:14:11.228694+00,"Tomates fermentées en saumure, probiotiques",,,,3474,f,7,14,180,,,,
95,Jus de raisin,1057,,extraction,5,,days,réfrigéré,2025-10-04 13:07:06.100763+00,2025-10-28 12:31:05.276084+00,Jus extrait de raisins frais,,,,3874,f,5,5,50,,,,
8,Jus de tomate,1059,,extraction,3,,days,réfrigéré,2025-10-04 13:05:32.404841+00,2025-10-28 15:14:11.228694+00,Jus extrait de tomates fraîches,,,,3474,f,7,14,180,,,,
97,Raisins congelés,1057,,congélation,270,,days,congélateur,2025-10-04 13:07:06.100763+00,2025-10-28 12:31:05.276084+00,Raisins entiers congelés,,,,3874,f,270,270,2700,,,,
45,Purée de pommes de terre congelée,1053,,cuisson et congélation,180,,days,congélateur,2025-10-04 13:05:32.404841+00,2025-10-28 15:14:11.228694+00,"Pommes de terre cuites et mixées, congelées",,,,3756,f,60,90,270,,,,
108,Thym congelé,1058,,congélation,180,,days,congélateur,2025-10-04 13:10:13.5716+00,2025-10-28 12:31:05.276084+00,Branches de thym frais congelées,,,,6188,f,180,180,1800,,,,
109,Sel au thym,1058,,séchage et mélange avec sel,365,,days,frais et sec,2025-10-04 13:10:13.5716+00,2025-10-28 12:31:05.276084+00,Mélange de thym séché et sel,,,,6188,f,365,365,3650,,,,
46,Chips de pommes de terre séchées,1053,,séchage,90,,days,frais et sec,2025-10-04 13:05:32.404841+00,2025-10-28 15:14:11.228694+00,Pommes de terre tranchées et déshydratées,,,,3756,f,60,90,270,,,,
82,Pêches au sirop maison,1048,,cuisson et mise en bocal,365,5,days,température ambiante,2025-10-04 13:07:06.100763+00,2025-10-28 15:14:11.228694+00,Pêches en morceaux dans sirop stérilisé,,,,3870,f,5,7,270,,,,
86,Jus de prune,1054,,extraction,5,,days,réfrigéré,2025-10-04 13:07:06.100763+00,2025-10-28 15:14:11.228694+00,Jus extrait de prunes fraîches,,,,3872,f,5,7,270,,,,
68,Compote d'abricots,1009,,cuisson,7,,days,réfrigéré,2025-10-04 13:07:06.100763+00,2025-10-28 15:14:11.228694+00,Abricots cuits et écrasés,,,,3843,f,5,7,270,,,,
83,Pruneaux (prunes séchées),1054,,séchage,180,,days,frais et sec,2025-10-04 13:07:06.100763+00,2025-10-28 15:14:11.228694+00,Prunes entières déshydratées,,,,3872,f,5,7,270,,,,
368,os de veau,8015,,os,,,days,,2025-10-30 18:05:55.23725+00,2025-10-30 18:05:55.23725+00,,,,g,,f,,,,,,,
32,Purée de brocoli congelée,2003,,cuisson et congélation,180,,days,congélateur,2025-10-04 13:05:32.404841+00,2025-10-28 12:31:05.276084+00,"Brocoli cuit et mixé, congelé",,,,3456,f,180,180,1800,,,,
49,Poudre de brocoli,2003,,séchage et broyage,180,,days,frais et sec,2025-10-04 13:05:32.404841+00,2025-10-28 12:31:05.276084+00,Brocoli séché et réduit en poudre,,,,3456,f,180,180,1800,,,,
34,Jus de chou,2009,,extraction,3,,days,réfrigéré,2025-10-04 13:05:32.404841+00,2025-10-28 12:31:05.276084+00,Jus extrait de chou frais,,,,3507,f,3,3,30,,,,
30,Choucroute crue,2009,,lacto-fermentation,120,,days,réfrigéré,2025-10-04 13:05:32.404841+00,2025-10-28 12:31:05.276084+00,"Chou blanc lacto-fermenté, riche en probiotiques",,,,3507,f,120,120,1200,,,,
31,Chou blanc lacto-fermenté,2009,,lacto-fermentation,90,,days,réfrigéré,2025-10-04 13:05:32.404841+00,2025-10-28 12:31:05.276084+00,Chou blanc fermenté en saumure,,,,3507,f,90,90,900,,,,
33,Chips de chou séchées,2009,,séchage,60,,days,frais et sec,2025-10-04 13:05:32.404841+00,2025-10-28 12:31:05.276084+00,Chou déshydraté et croustillant,,,,3507,f,60,60,600,,,,
369,côtelette d'agneau,4001,,côtelette,,,days,,2025-10-30 18:05:55.23725+00,2025-10-30 18:05:55.23725+00,,,,pièce,,f,,,,,,,
132,Ciboulette congelée,2018,,hachage et congélation,180,,days,congélateur,2025-10-04 13:10:13.5716+00,2025-10-28 12:31:05.276084+00,Ciboulette fraîche hachée et congelée,,,,6181,f,180,180,1800,,,,
370,gigot d'agneau,4001,,gigot,,,days,,2025-10-30 18:05:55.23725+00,2025-10-30 18:05:55.23725+00,,,,g,,f,,,,,,,
24,Chips de butternut séchées,2024,,séchage,90,,days,frais et sec,2025-10-04 13:05:32.404841+00,2025-10-28 12:31:05.276084+00,Butternut tranché et déshydraté,,,,3462,f,90,90,900,,,,
371,épaule d'agneau,4001,,épaule,,,days,,2025-10-30 18:05:55.23725+00,2025-10-30 18:05:55.23725+00,,,,g,,f,,,,,,,
19,Purée de butternut congelée,2024,,cuisson et congélation,180,,days,congélateur,2025-10-04 13:05:32.404841+00,2025-10-28 12:31:05.276084+00,"Butternut cuit et mixé, congelé",,,,3462,f,180,180,1800,,,,
17,Chips de courgette séchées,2026,,séchage,90,,days,frais et sec,2025-10-04 13:05:32.404841+00,2025-10-28 12:31:05.276084+00,Courgettes tranchées et déshydratées,,,,3471,f,90,90,900,,,,
372,filet d'agneau,4001,,filet,,,days,,2025-10-30 18:05:55.23725+00,2025-10-30 18:05:55.23725+00,,,,g,,f,,,,,,,
373,carré d'agneau,4001,,carré,,,days,,2025-10-30 18:05:55.23725+00,2025-10-30 18:05:55.23725+00,,,,g,,f,,,,,,,
374,jambon blanc,2051,,transformation,,,days,,2025-10-30 18:05:55.23725+00,2025-10-30 18:05:55.23725+00,,,,g,,f,,,,,,,317
375,jambon cru,2051,,transformation,,,days,,2025-10-30 18:05:55.23725+00,2025-10-30 18:05:55.23725+00,,,,g,,f,,,,,,,317
376,jambon cuit,2051,,transformation,,,days,,2025-10-30 18:05:55.23725+00,2025-10-30 18:05:55.23725+00,,,,g,,f,,,,,,,317
377,jambon serrano,2051,,transformation,,,days,,2025-10-30 18:05:55.23725+00,2025-10-30 18:05:55.23725+00,,,,g,,f,,,,,,,317
84,Compote de prunes,1054,,cuisson,7,,days,réfrigéré,2025-10-04 13:07:06.100763+00,2025-10-28 15:14:11.228694+00,Prunes cuites et écrasées,,,,3872,f,5,7,270,,,,
378,jambon ibérique,2051,,transformation,,,days,,2025-10-30 18:05:55.23725+00,2025-10-30 18:05:55.23725+00,,,,g,,f,,,,,,,317
379,lardons fumés,2051,,fumé,,,days,,2025-10-30 18:05:55.23725+00,2025-10-30 18:05:55.23725+00,,,,g,,f,,,,,,,319
380,saucisse,2051,,transformation,,,days,,2025-10-30 18:05:55.23725+00,2025-10-30 18:05:55.23725+00,,,,g,,f,,,,,,,
381,saucisse de Toulouse,2051,,transformation,,,days,,2025-10-30 18:05:55.23725+00,2025-10-30 18:05:55.23725+00,,,,g,,f,,,,,,,380
382,saucisse de Strasbourg,2051,,transformation,,,days,,2025-10-30 18:05:55.23725+00,2025-10-30 18:05:55.23725+00,,,,g,,f,,,,,,,380
383,saucisse fumée,2051,,fumé,,,days,,2025-10-30 18:05:55.23725+00,2025-10-30 18:05:55.23725+00,,,,g,,f,,,,,,,380
384,chair à saucisse,2051,,transformation,,,days,,2025-10-30 18:05:55.23725+00,2025-10-30 18:05:55.23725+00,,,,g,,f,,,,,,,
385,lard,2051,,transformation,,,days,,2025-10-30 18:05:55.23725+00,2025-10-30 18:05:55.23725+00,,,,g,,f,,,,,,,
386,boudin noir,2051,,transformation,,,days,,2025-10-30 18:05:55.23725+00,2025-10-30 18:05:55.23725+00,,,,g,,f,,,,,,,
387,foie de porc,2051,,abats,,,days,,2025-10-30 18:05:55.23725+00,2025-10-30 18:05:55.23725+00,,,,g,,f,,,,,,,
388,bouillon de poulet,2054,,bouillon,,,days,,2025-10-30 18:05:55.23725+00,2025-10-30 18:05:55.23725+00,,,,ml,,f,,,,,,,
389,bouillon de volaille,2054,,bouillon,,,days,,2025-10-30 18:05:55.23725+00,2025-10-30 18:05:55.23725+00,,,,ml,,f,,,,,,,388
336,lait,7001,,lait,,,days,,2025-10-30 16:28:28.97176+00,2025-10-30 16:28:28.97176+00,,,,ml,,f,,,,,,,
337,crème,7001,,crème,,,days,,2025-10-30 16:28:28.97176+00,2025-10-30 16:28:28.97176+00,,,,ml,,f,,,,,,,
338,fromage,7001,,fromage,,,days,,2025-10-30 16:28:28.97176+00,2025-10-30 16:28:28.97176+00,,,,g,,f,,,,,,,
22,Courgettes grillées,2026,,grillage,5,,days,réfrigéré,2025-10-04 13:05:32.404841+00,2025-10-28 12:31:05.276084+00,Courgettes tranchées et grillées,,,,3471,f,5,5,50,,,,
23,Courgettes lacto-fermentées,2026,,lacto-fermentation,90,,days,réfrigéré,2025-10-04 13:05:32.404841+00,2025-10-28 12:31:05.276084+00,Courgettes fermentées en saumure,,,,3471,f,90,90,900,,,,
50,Courgettes déshydratées en dés,2026,,séchage,120,,days,frais et sec,2025-10-04 13:05:32.404841+00,2025-10-28 12:31:05.276084+00,Courgettes coupées en dés et déshydratées,,,,3471,f,120,120,1200,,,,
40,Échalotes confites,2031,,confisage,14,,days,réfrigéré,2025-10-04 13:05:32.404841+00,2025-10-28 12:31:05.276084+00,Échalotes confites dans l'huile,,,,3611,f,14,14,140,,,,
141,Estragon congelé,2033,,hachage et congélation,180,,days,congélateur,2025-10-04 13:10:13.5716+00,2025-10-28 12:31:05.276084+00,Estragon frais haché et congelé,,,,3246,f,180,180,1800,,,,
121,Persil congelé haché,1049,,hachage et congélation,180,,days,congélateur,2025-10-04 13:10:13.5716+00,2025-10-28 15:14:11.228694+00,Persil frais haché et congelé,,,,3236,f,,2,120,,1,60,
148,Fenouil congelé,2034,,hachage et congélation,180,,days,congélateur,2025-10-04 13:10:13.5716+00,2025-10-28 12:31:05.276084+00,Fenouil frais haché et congelé,,,,3466,f,180,180,1800,,,,
20,Purée de potimarron congelée,2052,,cuisson et congélation,180,,days,congélateur,2025-10-04 13:05:32.404841+00,2025-10-28 12:31:05.276084+00,"Potimarron cuit et mixé, congelé",,,,3512,f,180,180,1800,,,,
18,Purée de potiron congelée,2053,,cuisson et congélation,180,,days,congélateur,2025-10-04 13:05:32.404841+00,2025-10-28 12:31:05.276084+00,"Potiron cuit et mixé, congelé",,,,3472,f,180,180,1800,,,,
21,Soupe de potiron,2053,,cuisson,3,,days,réfrigéré,2025-10-04 13:05:32.404841+00,2025-10-28 12:31:05.276084+00,Potiron cuit et mixé en soupe,,,,3472,f,3,3,30,,,,
112,Romarin congelé,2057,,congélation,180,,days,congélateur,2025-10-04 13:10:13.5716+00,2025-10-28 12:31:05.276084+00,Branches de romarin frais congelées,,,,6186,f,180,180,1800,,,,
113,Sel au romarin,2057,,séchage et mélange avec sel,365,,days,frais et sec,2025-10-04 13:10:13.5716+00,2025-10-28 12:31:05.276084+00,Mélange de romarin séché et sel,,,,6186,f,365,365,3650,,,,
139,Sel à la sauge,2061,,séchage et mélange avec sel,365,,days,frais et sec,2025-10-04 13:10:13.5716+00,2025-10-28 12:31:05.276084+00,Mélange de sauge séchée et sel,,,,6187,f,365,365,3650,,,,
211,Yaourt lait de chèvre,,1,,30,5,days,réfrigéré,2025-10-04 17:24:01.602539+00,2025-11-06 13:24:26.660612+00,,,,,3467,f,,21,60,,3,,336
25,Carottes lacto-fermentées,1005,,lacto-fermentation,90,,days,réfrigéré,2025-10-04 13:05:32.404841+00,2025-10-28 15:14:11.228694+00,Carottes fermentées en saumure,,,,3584,f,7,21,270,,,,
26,Chips de carotte séchées,1005,,séchage,90,,days,frais et sec,2025-10-04 13:05:32.404841+00,2025-10-28 15:14:11.228694+00,Carottes tranchées et déshydratées,,,,3584,f,7,21,270,,,,
149,Verveine séchée,2067,,séchage,365,90,days,frais et sec,2025-10-04 13:10:13.5716+00,2025-10-28 12:31:05.276084+00,Feuilles de verveine déshydratées pour infusion,,,,5520,f,365,365,3650,90,90,900,
150,Sirop de verveine,2067,,infusion et cuisson avec sucre,90,30,days,réfrigéré,2025-10-04 13:10:13.5716+00,2025-10-28 12:31:05.276084+00,Sirop concentré à la verveine,,,,5520,f,90,90,900,30,30,300,
27,Jus de carotte,1005,,extraction,3,,days,réfrigéré,2025-10-04 13:05:32.404841+00,2025-10-28 15:14:11.228694+00,Jus extrait de carottes fraîches,,,,3584,f,7,21,270,,,,
28,Purée de carottes congelée,1005,,cuisson et congélation,180,,days,congélateur,2025-10-04 13:05:32.404841+00,2025-10-28 15:14:11.228694+00,"Carottes cuites et mixées, congelées",,,,3584,f,7,21,270,,,,
35,Poudre d'oignon,2041,,séchage et broyage,365,,days,température ambiante,2025-10-04 13:05:32.404841+00,2025-10-28 15:14:11.228694+00,Oignons séchés et réduits en poudre fine,,,,3468,f,90,90,180,,,,
36,Oignons caramélisés,2041,,cuisson lente,7,,days,réfrigéré,2025-10-04 13:05:32.404841+00,2025-10-28 15:14:11.228694+00,Oignons cuits lentement jusqu'à caramélisation,,,,3468,f,90,90,180,,,,
37,Oignons confits,2041,,confisage,14,,days,réfrigéré,2025-10-04 13:05:32.404841+00,2025-10-28 15:14:11.228694+00,Oignons confits dans l'huile,,,,3468,f,90,90,180,,,,
244,Saint-Marcellin,7001,,,30,5,days,réfrigéré,2025-10-04 17:25:53.774151+00,2025-10-30 17:19:37.101885+00,,,,,3467,f,30,30,300,5,5,50,338
245,Brillat-Savarin,7001,,,30,5,days,réfrigéré,2025-10-04 17:25:53.774151+00,2025-10-30 17:19:37.101885+00,,,,,3467,f,30,30,300,5,5,50,338
246,Neufchâtel,7001,,,45,7,days,réfrigéré,2025-10-04 17:25:53.774151+00,2025-10-30 17:19:37.101885+00,,,,,3467,f,45,45,450,7,7,70,338
247,Explorateur,7001,,,30,5,days,réfrigéré,2025-10-04 17:25:53.774151+00,2025-10-30 17:19:37.101885+00,,,,,3467,f,30,30,300,5,5,50,338
248,Munster,7001,,,45,7,days,réfrigéré,2025-10-04 17:25:53.774151+00,2025-10-30 17:19:37.101885+00,,,,,3467,f,45,45,450,7,7,70,338
249,Époisses,7001,,,45,5,days,réfrigéré,2025-10-04 17:25:53.774151+00,2025-10-30 17:19:37.101885+00,,,,,3467,f,45,45,450,5,5,50,338
250,Maroilles,7001,,,60,7,days,réfrigéré,2025-10-04 17:25:53.774151+00,2025-10-30 17:19:37.101885+00,,,,,3467,f,60,60,600,7,7,70,338
251,Pont-l'Évêque,7001,,,45,7,days,réfrigéré,2025-10-04 17:25:53.774151+00,2025-10-30 17:19:37.101885+00,,,,,3467,f,45,45,450,7,7,70,338
252,Livarot,7001,,,60,7,days,réfrigéré,2025-10-04 17:25:53.774151+00,2025-10-30 17:19:37.101885+00,,,,,3467,f,60,60,600,7,7,70,338
253,Reblochon,7001,,,45,7,days,réfrigéré,2025-10-04 17:25:53.774151+00,2025-10-30 17:19:37.101885+00,,,,,3467,f,45,45,450,7,7,70,338
254,Mont d'Or,7001,,,30,5,days,réfrigéré,2025-10-04 17:25:53.774151+00,2025-10-30 17:19:37.101885+00,,,,,3467,f,30,30,300,5,5,50,338
255,Vacherin,7001,,,30,5,days,réfrigéré,2025-10-04 17:25:53.774151+00,2025-10-30 17:19:37.101885+00,,,,,3467,f,30,30,300,5,5,50,338
256,Cantal,7001,,,90,14,days,réfrigéré,2025-10-04 17:25:53.774151+00,2025-10-30 17:19:37.101885+00,,,,,3467,f,90,90,900,14,14,140,338
257,Saint-Nectaire,7001,,,60,10,days,réfrigéré,2025-10-04 17:25:53.774151+00,2025-10-30 17:19:37.101885+00,,,,,3467,f,60,60,600,10,10,100,338
258,Morbier,7001,,,60,10,days,réfrigéré,2025-10-04 17:25:53.774151+00,2025-10-30 17:19:37.101885+00,,,,,3467,f,60,60,600,10,10,100,338
259,Tomme de Savoie,7001,,,90,14,days,réfrigéré,2025-10-04 17:25:53.774151+00,2025-10-30 17:19:37.101885+00,,,,,3467,f,90,90,900,14,14,140,338
260,Raclette,7001,,,60,10,days,réfrigéré,2025-10-04 17:25:53.774151+00,2025-10-30 17:19:37.101885+00,,,,,3467,f,60,60,600,10,10,100,338
261,Cheddar,7001,,,90,14,days,réfrigéré,2025-10-04 17:25:53.774151+00,2025-10-30 17:19:37.101885+00,,,,,3467,f,90,90,900,14,14,140,338
277,Bleu d'Auvergne,7001,,,60,7,days,réfrigéré,2025-10-04 17:25:53.774151+00,2025-10-30 17:19:37.101885+00,,,,,3467,f,60,60,600,7,7,70,338
240,Camembert,7001,,,45,7,days,réfrigéré,2025-10-04 17:25:53.774151+00,2025-10-30 17:19:37.101885+00,,,,,3467,f,45,45,450,7,7,70,338
241,Brie,7001,,,45,7,days,réfrigéré,2025-10-04 17:25:53.774151+00,2025-10-30 17:19:37.101885+00,,,,,3467,f,45,45,450,7,7,70,338
278,Fourme d'Ambert,7001,,,60,7,days,réfrigéré,2025-10-04 17:25:53.774151+00,2025-10-30 17:19:37.101885+00,,,,,3467,f,60,60,600,7,7,70,338
279,Gorgonzola,7001,,,60,7,days,réfrigéré,2025-10-04 17:25:53.774151+00,2025-10-30 17:19:37.101885+00,,,,,3467,f,60,60,600,7,7,70,338
276,Roquefort,,2,,60,7,days,réfrigéré,2025-10-04 17:25:53.774151+00,2025-10-30 17:30:15.557273+00,,,,,3467,f,60,60,600,7,7,70,338
284,Pélardon,,2,,45,7,days,réfrigéré,2025-10-04 17:25:53.774151+00,2025-10-30 17:30:15.557273+00,,,,,3467,f,45,45,450,7,7,70,338
402,babeurre,7001,,fermentation,,,days,,2025-10-30 18:14:38.215007+00,2025-10-30 18:14:38.215007+00,,,,ml,,f,,,,,,,
403,beurre clarifié,7001,,clarification,,,days,,2025-10-30 18:14:38.215007+00,2025-10-30 18:14:38.215007+00,,,,g,,f,,,,,,,300
404,beurre de tourage,7001,,préparation,,,days,,2025-10-30 18:14:38.215007+00,2025-10-30 18:14:38.215007+00,,,,g,,f,,,,,,,300
405,beurre fondu,7001,,fonte,,,days,,2025-10-30 18:14:38.215007+00,2025-10-30 18:14:38.215007+00,,,,ml,,f,,,,,,,300
406,beurre froid,7001,,réfrigération,,,days,,2025-10-30 18:14:38.215007+00,2025-10-30 18:14:38.215007+00,,,,g,,f,,,,,,,300
407,beurre manié,7001,,mélange avec farine,,,days,,2025-10-30 18:14:38.215007+00,2025-10-30 18:14:38.215007+00,,,,g,,f,,,,,,,300
408,beurre mou,7001,,température ambiante,,,days,,2025-10-30 18:14:38.215007+00,2025-10-30 18:14:38.215007+00,,,,g,,f,,,,,,,300
409,beurre pour glaçage,7001,,préparation,,,days,,2025-10-30 18:14:38.215007+00,2025-10-30 18:14:38.215007+00,,,,g,,f,,,,,,,300
410,caramel beurre salé,14037,,cuisson caramel,,,days,,2025-10-30 18:14:38.215007+00,2025-10-30 18:14:38.215007+00,,,,g,,f,,,,,,,
411,crème chiboust,7001,,pâtisserie,,,days,,2025-10-30 18:14:38.215007+00,2025-10-30 18:14:38.215007+00,,,,g,,f,,,,,,,337
412,crème fouettée,7001,,fouettage,,,days,,2025-10-30 18:14:38.215007+00,2025-10-30 18:14:38.215007+00,,,,ml,,f,,,,,,,337
413,crème marrons,1011,,transformation marrons,,,days,,2025-10-30 18:14:38.215007+00,2025-10-30 18:14:38.215007+00,,,,g,,f,,,,,,,
414,crème pâtissière,7001,,cuisson pâtisserie,,,days,,2025-10-30 18:14:38.215007+00,2025-10-30 18:14:38.215007+00,,,,g,,f,,,,,,,337
415,crème pâtissière chocolat,7001,,cuisson pâtisserie chocolat,,,days,,2025-10-30 18:14:38.215007+00,2025-10-30 18:14:38.215007+00,,,,g,,f,,,,,,,337
416,ganache ou crème,7001,,option multiple,,,days,,2025-10-30 18:14:38.215007+00,2025-10-30 18:14:38.215007+00,,,,ml,,f,,,,,,,
417,fromage Minas,7001,,fromage brésilien,,,days,,2025-10-30 18:14:38.215007+00,2025-10-30 18:14:38.215007+00,,,,g,,f,,,,,,,338
419,fromage frais,7001,,fromage frais,,,days,,2025-10-30 18:14:38.215007+00,2025-10-30 18:14:38.215007+00,,,,g,,f,,,,,,,338
420,fromage râpé,7001,,râpage,,,days,,2025-10-30 18:14:38.215007+00,2025-10-30 18:14:38.215007+00,,,,g,,f,,,,,,,338
238,Crottin de chèvre,,1,,45,7,days,réfrigéré,2025-10-04 17:25:53.774151+00,2025-11-06 13:24:26.660612+00,,,,,3467,f,45,45,450,7,7,70,338
239,Sainte-Maure,,1,,45,7,days,réfrigéré,2025-10-04 17:25:53.774151+00,2025-11-06 13:24:26.660612+00,,,,,3467,f,45,45,450,7,7,70,338
280,Valençay,,1,,45,7,days,réfrigéré,2025-10-04 17:25:53.774151+00,2025-11-06 13:24:26.660612+00,,,,,3467,f,45,45,450,7,7,70,338
281,Rocamadour,,1,,30,5,days,réfrigéré,2025-10-04 17:25:53.774151+00,2025-11-06 13:24:26.660612+00,,,,,3467,f,30,30,300,5,5,50,338
282,Pouligny-Saint-Pierre,,1,,45,7,days,réfrigéré,2025-10-04 17:25:53.774151+00,2025-11-06 13:24:26.660612+00,,,,,3467,f,45,45,450,7,7,70,338
73,Cerises séchées,1008,,séchage,180,,days,frais et sec,2025-10-04 13:07:06.100763+00,2025-10-28 12:31:05.276084+00,Cerises dénoyautées et déshydratées,,,,3847,f,180,180,1800,,,,
300,beurre,7001,,barattage,,,days,,2025-10-26 12:28:44.742772+00,2025-10-28 15:14:11.228694+00,,,,g,3467,f,,90,270,,30,180,
303,blanc de poulet,2054,,découpe,,,days,,2025-10-26 12:28:44.742772+00,2025-10-28 15:14:11.228694+00,,,,g,3403,f,,3,270,,1,180,
301,beurre salé,7001,,barattage salé,,,days,,2025-10-26 12:28:44.742772+00,2025-10-30 17:19:37.101885+00,,,,g,3467,f,,90,270,,30,180,300
298,agneau haché,4001,,hachage,,,days,,2025-10-26 12:28:44.742772+00,2025-10-28 15:14:11.228694+00,,,,g,4404,f,,2,120,,1,60,
325,porc haché,2051,,hachage,,,days,,2025-10-26 12:28:44.742772+00,2025-10-28 15:14:11.228694+00,,,,g,3419,f,,2,120,,1,60,
317,jambon,2051,,salaison,,,days,,2025-10-26 12:28:44.742772+00,2025-10-28 15:14:11.228694+00,,,,g,3419,f,,7,60,,3,30,
427,morue dessalée,,3,dessalage,,,days,,2025-11-03 15:39:55.629781+00,2025-11-03 15:39:55.629781+00,,,,g,,f,,,,,,,
328,saumon fumé,2062,,fumage,,,days,,2025-10-26 12:28:44.742772+00,2025-10-28 15:14:11.228694+00,,,,g,4803,f,,14,60,,3,30,
312,farine,5002,,mouture,,,days,,2025-10-26 12:28:44.742772+00,2025-10-28 15:14:11.228694+00,,,,g,3455,f,365,730,,180,365,,
305,bouillon de bœuf,14011,,infusion,,,days,,2025-10-26 12:28:44.742772+00,2025-10-28 15:14:11.228694+00,,,,g,4256,f,28,42,,,2,,
304,bœuf haché,14011,,hachage,,,days,,2025-10-26 12:28:44.742772+00,2025-10-28 15:14:11.228694+00,,,,g,4256,f,28,42,,,2,,
331,vin blanc,14,,fermentation raisin blanc,,,days,,2025-10-26 12:28:44.742772+00,2025-11-06 13:22:38.217601+00,,,,g,3874,f,,,,,,,
302,blanc d'œuf,14027,,séparation,,,days,,2025-10-26 12:28:44.742772+00,2025-10-28 15:14:11.228694+00,,,,g,5017,f,28,42,,,2,,
332,vin rouge,14,,fermentation raisin rouge,,,days,,2025-10-26 12:28:44.742772+00,2025-11-06 13:22:38.217601+00,,,,g,3874,f,,,,,,,
318,jaune d'œuf,14027,,séparation,,,days,,2025-10-26 12:28:44.742772+00,2025-10-28 15:14:11.228694+00,,,,g,5017,f,28,42,,,2,,
309,cognac,14,,distillation vin,,,days,,2025-10-26 12:28:44.742772+00,2025-11-06 13:22:38.217601+00,,,,g,3874,f,,,,,,,
299,bacon,2051,,salaison et fumage,,,days,,2025-10-26 12:28:44.742772+00,2025-10-27 18:01:52.152528+00,,,,g,3419,f,,,,,,,
306,chapelure,5002,,séchage et broyage,,,days,,2025-10-26 12:28:44.742772+00,2025-10-27 18:01:52.152528+00,,,,g,3455,f,,,,,,,
307,chocolat,8005,,torréfaction,,,days,,2025-10-26 12:28:44.742772+00,2025-10-27 18:01:52.152528+00,,,,g,5563,f,,,,,,,
308,chocolat noir,8005,,torréfaction noir,,,days,,2025-10-26 12:28:44.742772+00,2025-10-27 18:01:52.152528+00,,,,g,5563,f,,,,,,,
314,flocon d'avoine,5001,,laminage,,,days,,2025-10-26 12:28:44.742772+00,2025-10-27 18:01:52.152528+00,,,,g,4107,f,,,,,,,
315,fond de veau,8015,,réduction,,,days,,2025-10-26 12:28:44.742772+00,2025-10-27 18:01:52.152528+00,,,,g,4410,f,,,,,,,
319,lardon,2051,,découpe et fumage,,,days,,2025-10-26 12:28:44.742772+00,2025-10-27 18:01:52.152528+00,,,,g,3419,f,,,,,,,
321,pain,5002,,cuisson levée,,,days,,2025-10-26 12:28:44.742772+00,2025-10-27 18:01:52.152528+00,,,,g,3455,f,,,,,,,
322,pâte,5002,,laminage,,,days,,2025-10-26 12:28:44.742772+00,2025-10-27 18:01:52.152528+00,,,,g,3455,f,,,,,,,
323,pâte brisée,5002,,pétrissage court,,,days,,2025-10-26 12:28:44.742772+00,2025-10-27 18:01:52.152528+00,,,,g,3455,f,,,,,,,
324,pâte feuilletée,5002,,feuilletage,,,days,,2025-10-26 12:28:44.742772+00,2025-10-27 18:01:52.152528+00,,,,g,3455,f,,,,,,,
326,poudre d'amande,11001,,broyage,,,days,,2025-10-26 12:28:44.742772+00,2025-10-27 18:01:52.152528+00,,,,g,4012,f,,,,,,,
327,sauce tomate,1059,,cuisson,,,days,,2025-10-26 12:28:44.742772+00,2025-10-27 18:01:52.152528+00,,,,g,3474,f,,,,,,,
329,semoule,5002,,mouture grossière,,,days,,2025-10-26 12:28:44.742772+00,2025-10-27 18:01:52.152528+00,,,,g,3455,f,,,,,,,
330,spaghetti,5002,,extrusion,,,days,,2025-10-26 12:28:44.742772+00,2025-10-27 18:01:52.152528+00,,,,g,3455,f,,,,,,,
310,crème fraîche,7001,,fermentation,,,days,,2025-10-26 12:28:44.742772+00,2025-10-30 17:19:37.101885+00,,,,g,3467,f,,30,120,,3,60,337
311,crème liquide,7001,,écrémage,,,days,,2025-10-26 12:28:44.742772+00,2025-10-30 17:19:37.101885+00,,,,g,3467,f,,30,120,,3,60,337
313,feta,7001,,caillage et saumurage,,,days,,2025-10-26 12:28:44.742772+00,2025-10-30 17:19:37.101885+00,,,,g,3467,f,,,,,,,338
316,fromage blanc,7001,,caillage,,,days,,2025-10-26 12:28:44.742772+00,2025-10-30 17:19:37.101885+00,,,,g,3467,f,,,,,,,338
320,mozzarella,7001,,filage,,,days,,2025-10-26 12:28:44.742772+00,2025-10-30 17:19:37.101885+00,,,,g,3467,f,,,,,,,338
333,yaourt,7001,,fermentation lactique,,,days,,2025-10-26 12:28:44.742772+00,2025-10-28 15:14:11.228694+00,,,,g,3467,f,,21,60,,3,,
432,baguette,5002,,pain français long,,,days,,2025-11-03 15:51:14.885322+00,2025-11-03 15:51:14.885322+00,,,,g,,f,,,,,,,321
433,pain de campagne,5002,,pain rustique,,,days,,2025-11-03 15:51:14.885322+00,2025-11-03 15:51:14.885322+00,,,,g,,f,,,,,,,321
434,pain de mie,5002,,pain tranché,,,days,,2025-11-03 15:51:14.885322+00,2025-11-03 15:51:14.885322+00,,,,g,,f,,,,,,,321
435,mie de pain,5002,,pain tranché,,,days,,2025-11-03 15:51:14.885322+00,2025-11-03 15:51:14.885322+00,,,,g,,f,,,,,,,434
436,mie pain,5002,,pain tranché,,,days,,2025-11-03 15:51:14.885322+00,2025-11-03 15:51:14.885322+00,,,,g,,f,,,,,,,434
334,yaourt grec,7001,,fermentation et égouttage,,,days,,2025-10-26 12:28:44.742772+00,2025-10-30 17:19:37.101885+00,,,,g,3467,f,,21,60,,3,,333
335,yaourt nature,7001,,fermentation,,,days,,2025-10-26 12:28:44.742772+00,2025-10-30 17:19:37.101885+00,,,,g,3467,f,,21,60,,3,,333
437,brioche,5002,,pain enrichi beurre,,,days,,2025-11-03 15:51:14.885322+00,2025-11-03 15:51:14.885322+00,,,,g,,f,,,,,,,321
438,pains burger,5002,,pain rond burger,,,days,,2025-11-03 15:51:14.885322+00,2025-11-03 15:51:14.885322+00,,,,g,,f,,,,,,,321
439,pain d'épices,5002,,pain sucré épicé,,,days,,2025-11-03 15:51:14.885322+00,2025-11-03 15:51:14.885322+00,,,,g,,f,,,,,,,321
440,pain rassis,5002,,pain séché,,,days,,2025-11-03 15:51:14.885322+00,2025-11-03 15:51:14.885322+00,,,,g,,f,,,,,,,321
441,pâte à pain,5002,,pâte avant cuisson,,,days,,2025-11-03 15:51:14.885322+00,2025-11-03 15:51:14.885322+00,,,,g,,f,,,,,,,
457,pâtes,5002,,pâtes générique,,,days,,2025-11-03 15:53:00.22738+00,2025-11-03 15:53:00.22738+00,,,,g,,f,,,,,,,
458,pâtes courtes,5002,,pâtes courtes,,,days,,2025-11-03 15:53:00.22738+00,2025-11-03 15:53:00.22738+00,,,,g,,f,,,,,,,457
459,linguine,5002,,pâtes longues plates,,,days,,2025-11-03 15:53:00.22738+00,2025-11-03 15:53:00.22738+00,,,,g,,f,,,,,,,457
460,trofie,5002,,pâtes courtes torsadées,,,days,,2025-11-03 15:53:00.22738+00,2025-11-03 15:53:00.22738+00,,,,g,,f,,,,,,,458
461,trofie ou linguine,5002,,option pâtes,,,days,,2025-11-03 15:53:00.22738+00,2025-11-03 15:53:00.22738+00,,,,g,,f,,,,,,,457
462,raviolis frais,5002,,pâtes farcies,,,days,,2025-11-03 15:53:00.22738+00,2025-11-03 15:53:00.22738+00,,,,g,,f,,,,,,,457
463,nouilles,5002,,nouilles générique,,,days,,2025-11-03 15:53:00.22738+00,2025-11-03 15:53:00.22738+00,,,,g,,f,,,,,,,457
464,nouilles chinoises,5002,,nouilles chinoises,,,days,,2025-11-03 15:53:00.22738+00,2025-11-03 15:53:00.22738+00,,,,g,,f,,,,,,,463
465,nouilles ramen,5002,,nouilles japonaises,,,days,,2025-11-03 15:53:00.22738+00,2025-11-03 15:53:00.22738+00,,,,g,,f,,,,,,,463
466,nouilles soba,4004,,nouilles sarrasin,,,days,,2025-11-03 15:53:00.22738+00,2025-11-03 15:53:00.22738+00,,,,g,,f,,,,,,,463
467,nouilles udon,5002,,nouilles épaisses,,,days,,2025-11-03 15:53:00.22738+00,2025-11-03 15:53:00.22738+00,,,,g,,f,,,,,,,463
468,fideos pâtes,5002,,pâtes fines espagnoles,,,days,,2025-11-03 15:53:00.22738+00,2025-11-03 15:53:00.22738+00,,,,g,,f,,,,,,,463
469,pâte phyllo,5002,,pâte feuilletée fine,,,days,,2025-11-03 15:53:00.22738+00,2025-11-03 15:53:00.22738+00,,,,g,,f,,,,,,,
470,pâte à pizza,5002,,pâte pizza,,,days,,2025-11-03 15:53:00.22738+00,2025-11-03 15:53:00.22738+00,,,,g,,f,,,,,,,
471,pâte laksa,12,,pâte curry malaisien,,,days,,2025-11-03 15:53:00.22738+00,2025-11-03 15:53:00.22738+00,,,,g,,f,,,,,,,
472,paprika,12,,poudre poivron,,,days,,2025-11-03 15:53:05.422197+00,2025-11-03 15:53:05.422197+00,,,,g,,f,,,,,,,
473,paprika doux,12,,paprika doux,,,days,,2025-11-03 15:53:05.422197+00,2025-11-03 15:53:05.422197+00,,,,g,,f,,,,,,,472
474,paprika fumé,12,,paprika fumé,,,days,,2025-11-03 15:53:05.422197+00,2025-11-03 15:53:05.422197+00,,,,g,,f,,,,,,,472
475,berbéré épices,12,,mélange éthiopien,,,days,,2025-11-03 15:53:05.422197+00,2025-11-03 15:53:05.422197+00,,,,g,,f,,,,,,,
476,cinq épices,12,,mélange chinois,,,days,,2025-11-03 15:53:05.422197+00,2025-11-03 15:53:05.422197+00,,,,g,,f,,,,,,,
477,curry,12,,mélange curry,,,days,,2025-11-03 15:53:05.422197+00,2025-11-03 15:53:05.422197+00,,,,g,,f,,,,,,,
478,garam masala,12,,mélange indien,,,days,,2025-11-03 15:53:05.422197+00,2025-11-03 15:53:05.422197+00,,,,g,,f,,,,,,,
479,quatre-épices,12,,mélange français,,,days,,2025-11-03 15:53:05.422197+00,2025-11-03 15:53:05.422197+00,,,,g,,f,,,,,,,
480,épices speculoos,12,,mélange speculoos,,,days,,2025-11-03 15:53:05.422197+00,2025-11-03 15:53:05.422197+00,,,,g,,f,,,,,,,
481,épices pain épices,12,,mélange pain d'épices,,,days,,2025-11-03 15:53:05.422197+00,2025-11-03 15:53:05.422197+00,,,,g,,f,,,,,,,
482,poireaux,2049,,poireaux entiers,,,days,,2025-11-03 15:53:10.750804+00,2025-11-03 15:53:10.750804+00,,,,g,,f,,,,,,,
483,blanc de poireau,2049,,partie blanche,,,days,,2025-11-03 15:53:10.750804+00,2025-11-03 15:53:10.750804+00,,,,g,,f,,,,,,,482
484,courgettes,2026,,courgettes,,,days,,2025-11-03 15:53:10.750804+00,2025-11-03 15:53:10.750804+00,,,,g,,f,,,,,,,
485,blettes,2001,,blettes,,,days,,2025-11-03 15:53:10.750804+00,2025-11-03 15:53:10.750804+00,,,,g,,f,,,,,,,
486,laitue romaine,1031,,laitue romaine,,,days,,2025-11-03 15:53:10.750804+00,2025-11-03 15:53:10.750804+00,,,,g,,f,,,,,,,
487,légumes variés cuits,13,,mélange légumes cuits,,,days,,2025-11-03 15:53:10.750804+00,2025-11-03 15:53:10.750804+00,,,,g,,f,,,,,,,
125,Coriandre congelée,1018,,hachage et congélation,180,,days,congélateur,2025-10-04 13:10:13.5716+00,2025-10-28 12:31:05.276084+00,Coriandre fraîche hachée et congelée,,,,6160,f,180,180,1800,,,,
128,Aneth congelé,8002,,hachage et congélation,180,,days,congélateur,2025-10-04 13:10:13.5716+00,2025-10-28 12:31:05.276084+00,Aneth frais haché et congelé,,,,6191,f,180,180,1800,,,,
488,filet de cabillaud,2004,,découpe filet,,,days,,2025-11-03 16:05:40.910278+00,2025-11-03 16:05:40.910278+00,,,,g,,f,,,,,,,
489,cabillaud fumé,2004,,fumage,,,days,,2025-11-03 16:05:40.910278+00,2025-11-03 16:05:40.910278+00,,,,g,,f,,,,,,,
490,filet de sole,11,,découpe filet,,,days,,2025-11-03 16:05:40.910278+00,2025-11-03 16:05:40.910278+00,,,,g,,f,,,,,,,
491,queue de lotte,10,,découpe queue,,,days,,2025-11-03 16:05:40.910278+00,2025-11-03 16:05:40.910278+00,,,,g,,f,,,,,,,
39,Poudre d'ail,10001,,séchage et broyage,365,,days,température ambiante,2025-10-04 13:05:32.404841+00,2025-10-28 15:14:11.228694+00,Ail séché et réduit en poudre,,,,6179,f,90,90,180,,,,
38,Ail confit,10001,,confisage,30,,days,réfrigéré,2025-10-04 13:05:32.404841+00,2025-10-28 15:14:11.228694+00,Gousses d'ail confites dans l'huile,,,,6179,f,90,90,180,,,,
69,Confiture d'abricots,1009,,cuisson avec sucre,365,14,days,température ambiante,2025-10-04 13:07:06.100763+00,2025-10-28 15:14:11.228694+00,Abricots cuits avec sucre,,,,3843,f,5,7,270,,,,
71,Abricots au sirop maison,1009,,cuisson et mise en bocal,365,5,days,température ambiante,2025-10-04 13:07:06.100763+00,2025-10-28 15:14:11.228694+00,Abricots en morceaux dans sirop stérilisé,,,,3843,f,5,7,270,,,,
101,Basilic séché,1004,,séchage,365,90,days,frais et sec,2025-10-04 13:10:13.5716+00,2025-10-28 12:31:05.276084+00,Feuilles de basilic déshydratées,,,,6185,f,365,365,3650,90,90,900,
103,Basilic en poudre,1004,,séchage et broyage,365,90,days,frais et sec,2025-10-04 13:10:13.5716+00,2025-10-28 12:31:05.276084+00,Basilic séché réduit en poudre fine,,,,6185,f,365,365,3650,90,90,900,
104,Huile de basilic infusée,1004,,infusion dans huile,90,30,days,réfrigéré,2025-10-04 13:10:13.5716+00,2025-10-28 12:31:05.276084+00,Basilic frais infusé dans huile d'olive,,,,6185,f,90,90,900,30,30,300,
75,Confiture de cerises,1008,,cuisson avec sucre,365,14,days,température ambiante,2025-10-04 13:07:06.100763+00,2025-10-28 12:31:05.276084+00,Cerises cuites avec sucre,,,,3847,f,365,365,3650,14,14,140,
77,Cerises au sirop maison,1008,,cuisson et mise en bocal,365,5,days,température ambiante,2025-10-04 13:07:06.100763+00,2025-10-28 12:31:05.276084+00,Cerises entières dans sirop stérilisé,,,,3847,f,365,365,3650,5,5,50,
100,Gelée de cerise,1008,,extraction et cuisson avec sucre,365,14,days,température ambiante,2025-10-04 13:07:06.100763+00,2025-10-28 12:31:05.276084+00,Gelée transparente à base de jus de cerise,,,,3847,f,365,365,3650,14,14,140,
123,Coriandre séchée (feuilles),1018,,séchage,365,90,days,frais et sec,2025-10-04 13:10:13.5716+00,2025-10-28 12:31:05.276084+00,Feuilles de coriandre déshydratées,,,,6160,f,365,365,3650,90,90,900,
124,Coriandre en poudre (feuilles),1018,,séchage et broyage,365,90,days,frais et sec,2025-10-04 13:10:13.5716+00,2025-10-28 12:31:05.276084+00,Coriandre séchée réduite en poudre,,,,6160,f,365,365,3650,90,90,900,
90,Confiture de fraises,1022,,cuisson avec sucre,365,14,days,température ambiante,2025-10-04 13:07:06.100763+00,2025-10-28 12:31:05.276084+00,Fraises cuites avec sucre,,,,3851,f,365,365,3650,14,14,140,
114,Menthe séchée,1037,,séchage,365,90,days,frais et sec,2025-10-04 13:10:13.5716+00,2025-10-28 12:31:05.276084+00,Feuilles de menthe déshydratées,,,,5520,f,365,365,3650,90,90,900,
115,Menthe en poudre,1037,,séchage et broyage,365,90,days,frais et sec,2025-10-04 13:10:13.5716+00,2025-10-28 12:31:05.276084+00,Menthe séchée réduite en poudre,,,,5520,f,365,365,3650,90,90,900,
117,Sirop de menthe,1037,,infusion et cuisson avec sucre,90,30,days,réfrigéré,2025-10-04 13:10:13.5716+00,2025-10-28 12:31:05.276084+00,Sirop concentré à la menthe,,,,5520,f,90,90,900,30,30,300,
119,Persil séché,1049,,séchage,365,90,days,frais et sec,2025-10-04 13:10:13.5716+00,2025-10-28 12:31:05.276084+00,Feuilles de persil déshydratées,,,,3236,f,365,365,3650,90,90,900,
120,Persil en poudre,1049,,séchage et broyage,365,90,days,frais et sec,2025-10-04 13:10:13.5716+00,2025-10-28 12:31:05.276084+00,Persil séché réduit en poudre,,,,3236,f,365,365,3650,90,90,900,
63,Confiture de poires,1050,,cuisson avec sucre,365,14,days,température ambiante,2025-10-04 13:07:06.100763+00,2025-10-28 12:31:05.276084+00,Poires cuites avec sucre,,,,3470,f,365,365,3650,14,14,140,
65,Poires au sirop maison,1050,,cuisson et mise en bocal,365,5,days,température ambiante,2025-10-04 13:07:06.100763+00,2025-10-28 12:31:05.276084+00,Poires en morceaux dans sirop sucré stérilisé,,,,3470,f,365,365,3650,5,5,50,
11,Poivrons séchés,1051,,séchage,180,30,days,frais et sec,2025-10-04 13:05:32.404841+00,2025-10-28 12:31:05.276084+00,Poivrons déshydratés en lanières,,,,3518,f,180,180,1800,30,30,300,
53,Compote de pommes stérilisée,1052,,cuisson et stérilisation,365,5,days,température ambiante,2025-10-04 13:07:06.100763+00,2025-10-28 12:31:05.276084+00,Compote en bocaux stérilisés,,,,3561,f,365,365,3650,5,5,50,
54,Confiture de pommes,1052,,cuisson avec sucre,365,14,days,température ambiante,2025-10-04 13:07:06.100763+00,2025-10-28 12:31:05.276084+00,Pommes cuites avec sucre jusqu'à gélification,,,,3561,f,365,365,3650,14,14,140,
56,Jus de pomme pasteurisé,1052,,extraction et pasteurisation,90,5,days,réfrigéré,2025-10-04 13:07:06.100763+00,2025-10-28 12:31:05.276084+00,Jus de pomme pasteurisé en bouteille,,,,3561,f,90,90,900,5,5,50,
60,Gelée de pommes,1052,,extraction et cuisson avec sucre,365,14,days,température ambiante,2025-10-04 13:07:06.100763+00,2025-10-28 12:31:05.276084+00,Gelée transparente à base de jus de pomme,,,,3561,f,365,365,3650,14,14,140,
94,Confiture de raisin,1057,,cuisson avec sucre,365,14,days,température ambiante,2025-10-04 13:07:06.100763+00,2025-10-28 12:31:05.276084+00,Raisins cuits avec sucre,,,,3874,f,365,365,3650,14,14,140,
96,Jus de raisin pasteurisé,1057,,extraction et pasteurisation,90,5,days,réfrigéré,2025-10-04 13:07:06.100763+00,2025-10-28 12:31:05.276084+00,Jus de raisin pasteurisé en bouteille,,,,3874,f,90,90,900,5,5,50,
85,Confiture de prunes,1054,,cuisson avec sucre,365,14,days,température ambiante,2025-10-04 13:07:06.100763+00,2025-10-28 15:14:11.228694+00,Prunes cuites avec sucre,,,,3872,f,5,7,270,,,,
87,Prunes au sirop maison,1054,,cuisson et mise en bocal,365,5,days,température ambiante,2025-10-04 13:07:06.100763+00,2025-10-28 15:14:11.228694+00,Prunes entières dans sirop stérilisé,,,,3872,f,5,7,270,,,,
106,Thym séché,1058,,séchage,730,180,days,frais et sec,2025-10-04 13:10:13.5716+00,2025-10-28 12:31:05.276084+00,Branches de thym déshydratées,,,,6188,f,730,730,7300,180,180,1800,
107,Thym en poudre,1058,,séchage et broyage,730,180,days,frais et sec,2025-10-04 13:10:13.5716+00,2025-10-28 12:31:05.276084+00,Thym séché réduit en poudre,,,,6188,f,730,730,7300,180,180,1800,
197,Crème épaisse 35%,7001,,,30,5,days,réfrigéré,2025-10-04 17:24:01.602539+00,2025-10-30 17:19:37.101885+00,,,,,3467,f,30,30,300,5,5,50,337
492,Grand Marnier,14,,liqueur orange cognac,,,days,,2025-11-03 17:35:44.428484+00,2025-11-03 17:35:44.428484+00,,,,ml,,f,,,,,,,
4,Concentré de tomate,1059,,réduction,7,3,days,réfrigéré,2025-10-04 13:05:32.404841+00,2025-10-28 12:31:05.276084+00,"Tomates très réduites, texture concentrée",,,,3474,f,7,7,70,3,3,30,
493,Marsala,14,,vin fortifié italien,,,days,,2025-11-03 17:35:44.428484+00,2025-11-03 17:35:44.428484+00,,,,ml,,f,,,,,,,
494,amaretto,14,,liqueur amande,,,days,,2025-11-03 17:35:44.428484+00,2025-11-03 17:35:44.428484+00,,,,ml,,f,,,,,,,
495,calvados,14,,eau-de-vie pomme normand,,,days,,2025-11-03 17:35:44.428484+00,2025-11-03 17:35:44.428484+00,,,,ml,,f,,,,,,,
131,Ciboulette séchée,2018,,séchage,365,90,days,frais et sec,2025-10-04 13:10:13.5716+00,2025-10-28 12:31:05.276084+00,Brins de ciboulette déshydratés,,,,6181,f,365,365,3650,90,90,900,
133,Ciboulette lyophilisée,2018,,lyophilisation,730,180,days,frais et sec,2025-10-04 13:10:13.5716+00,2025-10-28 12:31:05.276084+00,Ciboulette lyophilisée conservant couleur et arôme,,,,6181,f,730,730,7300,180,180,1800,
496,kirsch,14,,eau-de-vie cerise,,,days,,2025-11-03 17:35:44.428484+00,2025-11-03 17:35:44.428484+00,,,,ml,,f,,,,,,,
140,Estragon séché,2033,,séchage,365,90,days,frais et sec,2025-10-04 13:10:13.5716+00,2025-10-28 12:31:05.276084+00,Feuilles d'estragon déshydratées,,,,3246,f,365,365,3650,90,90,900,
497,porto,14,,vin fortifié portugais,,,days,,2025-11-03 17:35:44.428484+00,2025-11-03 17:35:44.428484+00,,,,ml,,f,,,,,,,
145,Fenouil séché (herbe),2034,,séchage,365,90,days,frais et sec,2025-10-04 13:10:13.5716+00,2025-10-28 12:31:05.276084+00,Feuilles de fenouil déshydratées,,,,3466,f,365,365,3650,90,90,900,
146,Fenouil en poudre,2034,,séchage et broyage,365,90,days,frais et sec,2025-10-04 13:10:13.5716+00,2025-10-28 12:31:05.276084+00,Fenouil séché réduit en poudre,,,,3466,f,365,365,3650,90,90,900,
147,Graines de fenouil moulues,2034,,séchage et broyage des graines,730,180,days,frais et sec,2025-10-04 13:10:13.5716+00,2025-10-28 12:31:05.276084+00,Graines de fenouil réduites en poudre,,,,3466,f,730,730,7300,180,180,1800,
143,Laurier séché,2039,,séchage,730,180,days,frais et sec,2025-10-04 13:10:13.5716+00,2025-10-28 12:31:05.276084+00,Feuilles de laurier déshydratées,,,,6166,f,730,730,7300,180,180,1800,
144,Laurier en poudre,2039,,séchage et broyage,730,180,days,frais et sec,2025-10-04 13:10:13.5716+00,2025-10-28 12:31:05.276084+00,Laurier séché réduit en poudre,,,,6166,f,730,730,7300,180,180,1800,
134,Origan séché,2043,,séchage,730,180,days,frais et sec,2025-10-04 13:10:13.5716+00,2025-10-28 12:31:05.276084+00,Feuilles d'origan déshydratées,,,,6200,f,730,730,7300,180,180,1800,
135,Origan en poudre,2043,,séchage et broyage,730,180,days,frais et sec,2025-10-04 13:10:13.5716+00,2025-10-28 12:31:05.276084+00,Origan séché réduit en poudre,,,,6200,f,730,730,7300,180,180,1800,
136,Huile d'origan,2043,,infusion dans huile,90,30,days,réfrigéré,2025-10-04 13:10:13.5716+00,2025-10-28 12:31:05.276084+00,Origan frais infusé dans huile d'olive,,,,6200,f,90,90,900,30,30,300,
110,Romarin séché,2057,,séchage,730,180,days,frais et sec,2025-10-04 13:10:13.5716+00,2025-10-28 12:31:05.276084+00,Branches de romarin déshydratées,,,,6186,f,730,730,7300,180,180,1800,
111,Romarin en poudre,2057,,séchage et broyage,730,180,days,frais et sec,2025-10-04 13:10:13.5716+00,2025-10-28 12:31:05.276084+00,Romarin séché réduit en poudre,,,,6186,f,730,730,7300,180,180,1800,
137,Sauge séchée,2061,,séchage,730,180,days,frais et sec,2025-10-04 13:10:13.5716+00,2025-10-28 12:31:05.276084+00,Feuilles de sauge déshydratées,,,,6187,f,730,730,7300,180,180,1800,
138,Sauge en poudre,2061,,séchage et broyage,730,180,days,frais et sec,2025-10-04 13:10:13.5716+00,2025-10-28 12:31:05.276084+00,Sauge séchée réduite en poudre,,,,6187,f,730,730,7300,180,180,1800,
498,rhum,14,,eau-de-vie canne à sucre,,,days,,2025-11-03 17:35:44.428484+00,2025-11-03 17:35:44.428484+00,,,,ml,,f,,,,,,,
225,Crème de soja,4005,,,90,5,days,température ambiante puis réfrigéré,2025-10-04 17:24:01.602539+00,2025-10-28 12:31:05.276084+00,,,,,3531,f,90,90,900,5,5,50,
226,Crème d'avoine,5001,,,90,5,days,température ambiante puis réfrigéré,2025-10-04 17:24:01.602539+00,2025-10-28 12:31:05.276084+00,,,,,4107,f,90,90,900,5,5,50,
227,Kéfir,7001,,,30,5,days,réfrigéré,2025-10-04 17:24:01.602539+00,2025-10-30 17:19:37.101885+00,,,,,3467,f,30,30,300,5,5,50,336
201,Crème fouettée en bombe,7001,,,60,3,days,réfrigéré,2025-10-04 17:24:01.602539+00,2025-10-30 17:19:37.101885+00,,,,,3467,f,60,60,600,3,3,30,337
202,Crème anglaise,7001,,,30,3,days,réfrigéré,2025-10-04 17:24:01.602539+00,2025-10-30 17:19:37.101885+00,,,,,3467,f,30,30,300,3,3,30,337
203,Chantilly,7001,,,60,3,days,réfrigéré,2025-10-04 17:24:01.602539+00,2025-10-28 12:31:05.276084+00,,,,,3467,f,60,60,600,3,3,30,
215,Fromage blanc 0%,7001,,,30,5,days,réfrigéré,2025-10-04 17:24:01.602539+00,2025-10-30 17:19:37.101885+00,,,,,3467,f,30,30,300,5,5,50,338
216,Fromage blanc 20%,7001,,,30,5,days,réfrigéré,2025-10-04 17:24:01.602539+00,2025-10-30 17:19:37.101885+00,,,,,3467,f,30,30,300,5,5,50,338
217,Fromage blanc 40%,7001,,,30,5,days,réfrigéré,2025-10-04 17:24:01.602539+00,2025-10-30 17:19:37.101885+00,,,,,3467,f,30,30,300,5,5,50,338
218,Petit-suisse,7001,,,30,3,days,réfrigéré,2025-10-04 17:24:01.602539+00,2025-10-30 17:19:37.101885+00,,,,,3467,f,30,30,300,3,3,30,338
219,Faisselle,7001,,,30,3,days,réfrigéré,2025-10-04 17:24:01.602539+00,2025-10-30 17:19:37.101885+00,,,,,3467,f,30,30,300,3,3,30,338
230,Cottage cheese,7001,,,30,5,days,réfrigéré,2025-10-04 17:24:01.602539+00,2025-10-30 17:19:37.101885+00,,,,,3467,f,30,30,300,5,5,50,338
231,Ricotta,7001,,,21,3,days,réfrigéré,2025-10-04 17:24:01.602539+00,2025-10-30 17:19:37.101885+00,,,,,3467,f,21,21,210,3,3,30,338
232,Mascarpone,7001,,,30,3,days,réfrigéré,2025-10-04 17:24:01.602539+00,2025-10-30 17:19:37.101885+00,,,,,3467,f,30,30,300,3,3,30,338
212,Skyr nature,7001,,,30,5,days,réfrigéré,2025-10-04 17:24:01.602539+00,2025-10-28 12:31:05.276084+00,,,,,3467,f,30,30,300,5,5,50,
233,Cream cheese,7001,,,60,7,days,réfrigéré,2025-10-04 17:24:01.602539+00,2025-10-30 17:19:37.101885+00,,,,,3467,f,60,60,600,7,7,70,338
234,Fromage à tartiner nature,7001,,,60,7,days,réfrigéré,2025-10-04 17:24:01.602539+00,2025-10-30 17:19:37.101885+00,,,,,3467,f,60,60,600,7,7,70,338
242,Coulommiers,7001,,,45,7,days,réfrigéré,2025-10-04 17:25:53.774151+00,2025-10-30 17:19:37.101885+00,,,,,3467,f,45,45,450,7,7,70,338
243,Chaource,7001,,,45,7,days,réfrigéré,2025-10-04 17:25:53.774151+00,2025-10-30 17:19:37.101885+00,,,,,3467,f,45,45,450,7,7,70,338
235,Bûche de chèvre fraîche,,1,,21,5,days,réfrigéré,2025-10-04 17:25:53.774151+00,2025-10-30 17:30:15.557273+00,,,,,3467,f,21,21,210,5,5,50,
236,Bûche de chèvre demi-sec,,1,,45,7,days,réfrigéré,2025-10-04 17:25:53.774151+00,2025-10-30 17:30:15.557273+00,,,,,3467,f,45,45,450,7,7,70,
283,Picodon,,1,,45,7,days,réfrigéré,2025-10-04 17:25:53.774151+00,2025-11-06 13:24:26.660612+00,,,,,3467,f,45,45,450,7,7,70,338
418,fromage de chèvre,,1,fromage chèvre générique,,,days,,2025-10-30 18:14:38.215007+00,2025-11-06 13:24:26.660612+00,,,,g,,f,,,,,,,338
210,Yaourt lait de brebis,,2,,30,5,days,réfrigéré,2025-10-04 17:24:01.602539+00,2025-11-06 13:24:26.660612+00,,,,,3467,f,,21,60,,3,,336
126,Graines de coriandre moulues,1018,,séchage et broyage des graines,730,180,days,frais et sec,2025-10-04 13:10:13.5716+00,2025-10-28 12:31:05.276084+00,Graines de coriandre réduites en poudre,,,,6160,f,730,730,7300,180,180,1800,
265,Ossau-Iraty,,2,,90,14,days,réfrigéré,2025-10-04 17:25:53.774151+00,2025-10-30 17:30:15.557273+00,,,,,3467,f,90,90,900,14,14,140,338
274,Pecorino,,2,,365,30,days,réfrigéré,2025-10-04 17:25:53.774151+00,2025-11-06 13:24:26.660612+00,,,,,3467,f,365,365,3650,30,30,300,338
127,Aneth séché,8002,,séchage,365,90,days,frais et sec,2025-10-04 13:10:13.5716+00,2025-10-28 12:31:05.276084+00,Brins d'aneth déshydratés,,,,6191,f,365,365,3650,90,90,900,
129,Aneth en poudre,8002,,séchage et broyage,365,90,days,frais et sec,2025-10-04 13:10:13.5716+00,2025-10-28 12:31:05.276084+00,Aneth séché réduit en poudre,,,,6191,f,365,365,3650,90,90,900,
130,Graines d'aneth moulues,8002,,séchage et broyage des graines,730,180,days,frais et sec,2025-10-04 13:10:13.5716+00,2025-10-28 12:31:05.276084+00,Graines d'aneth réduites en poudre,,,,6191,f,730,730,7300,180,180,1800,
262,Gouda,7001,,,90,14,days,réfrigéré,2025-10-04 17:25:53.774151+00,2025-10-30 17:19:37.101885+00,,,,,3467,f,90,90,900,14,14,140,338
263,Edam,7001,,,90,14,days,réfrigéré,2025-10-04 17:25:53.774151+00,2025-10-30 17:19:37.101885+00,,,,,3467,f,90,90,900,14,14,140,338
264,Mimolette,7001,,,120,14,days,réfrigéré,2025-10-04 17:25:53.774151+00,2025-10-30 17:19:37.101885+00,,,,,3467,f,120,120,1200,14,14,140,338
220,Lait de soja,4005,,,90,5,days,température ambiante puis réfrigéré,2025-10-04 17:24:01.602539+00,2025-10-28 15:14:11.228694+00,,,,,3531,f,90,7,90,,3,30,
195,Crème liquide 30%,7001,,,30,3,days,réfrigéré,2025-10-04 17:24:01.602539+00,2025-10-30 17:19:37.101885+00,,,,,3467,f,,30,120,,3,60,337
196,Crème liquide 15%,7001,,,30,3,days,réfrigéré,2025-10-04 17:24:01.602539+00,2025-10-30 17:19:37.101885+00,,,,,3467,f,,30,120,,3,60,337
198,Crème fraîche épaisse,7001,,,30,5,days,réfrigéré,2025-10-04 17:24:01.602539+00,2025-10-30 17:19:37.101885+00,,,,,3467,f,,30,120,,3,60,337
199,Crème fraîche légère,7001,,,30,5,days,réfrigéré,2025-10-04 17:24:01.602539+00,2025-10-30 17:19:37.101885+00,,,,,3467,f,,30,120,,3,60,337
266,Provolone,7001,,,90,14,days,réfrigéré,2025-10-04 17:25:53.774151+00,2025-10-30 17:19:37.101885+00,,,,,3467,f,90,90,900,14,14,140,338
267,Manchego,7001,,,120,14,days,réfrigéré,2025-10-04 17:25:53.774151+00,2025-10-30 17:19:37.101885+00,,,,,3467,f,120,120,1200,14,14,140,338
268,Abondance,7001,,,90,14,days,réfrigéré,2025-10-04 17:25:53.774151+00,2025-10-30 17:19:37.101885+00,,,,,3467,f,90,90,900,14,14,140,338
269,Beaufort,7001,,,120,14,days,réfrigéré,2025-10-04 17:25:53.774151+00,2025-10-30 17:19:37.101885+00,,,,,3467,f,120,120,1200,14,14,140,338
270,Comté,7001,,,180,14,days,réfrigéré,2025-10-04 17:25:53.774151+00,2025-10-30 17:19:37.101885+00,,,,,3467,f,180,180,1800,14,14,140,338
271,Gruyère,7001,,,180,14,days,réfrigéré,2025-10-04 17:25:53.774151+00,2025-10-30 17:19:37.101885+00,,,,,3467,f,180,180,1800,14,14,140,338
272,Emmental,7001,,,180,14,days,réfrigéré,2025-10-04 17:25:53.774151+00,2025-10-30 17:19:37.101885+00,,,,,3467,f,180,180,1800,14,14,140,338
273,Parmesan,7001,,,365,30,days,réfrigéré,2025-10-04 17:25:53.774151+00,2025-10-30 17:19:37.101885+00,,,,,3467,f,365,365,3650,30,30,300,338
275,Fontina,7001,,,90,14,days,réfrigéré,2025-10-04 17:25:53.774151+00,2025-10-30 17:19:37.101885+00,,,,,3467,f,90,90,900,14,14,140,338
204,Beurre doux,7001,,,60,14,days,réfrigéré,2025-10-04 17:24:01.602539+00,2025-10-30 17:19:37.101885+00,,,,,3467,f,,90,270,,30,180,300
221,Lait d'amande,11001,,,90,5,days,température ambiante puis réfrigéré,2025-10-04 17:24:01.602539+00,2025-10-28 15:14:11.228694+00,,,,,4012,f,90,7,90,,3,30,
142,Vinaigre à l'estragon,2033,,infusion dans vinaigre,365,90,days,température ambiante,2025-10-04 13:10:13.5716+00,2025-10-28 15:14:11.228694+00,Estragon frais infusé dans vinaigre de vin,,,,3246,f,1825,,,1825,,,
1,Tomates séchées,1059,,séchage,180,30,days,frais et sec,2025-10-04 13:05:32.404841+00,2025-10-28 15:14:11.228694+00,"Tomates déshydratées au four ou au soleil, concentrées en saveur",,,,3474,f,7,14,180,,,,
2,Tomates confites,1059,,confisage,90,7,days,réfrigéré,2025-10-04 13:05:32.404841+00,2025-10-28 15:14:11.228694+00,Tomates cuites lentement à basse température dans l'huile,,,,3474,f,7,14,180,,,,
5,Tomates pelées en bocaux,1059,,stérilisation,730,3,days,température ambiante,2025-10-04 13:05:32.404841+00,2025-10-28 15:14:11.228694+00,Tomates pelées et stérilisées en bocaux,,,,3474,f,7,14,180,,,,
48,Pâte de tomate séchée,1059,,séchage intense et broyage,365,30,days,frais et sec,2025-10-04 13:05:32.404841+00,2025-10-28 15:14:11.228694+00,Tomates ultra-séchées et broyées en pâte,,,,3474,f,7,14,180,,,,
99,Poudre d'abricot,1009,,séchage et broyage,365,,days,frais et sec,2025-10-04 13:07:06.100763+00,2025-10-28 15:14:11.228694+00,Abricots déshydratés et réduits en poudre,,,,3843,f,5,7,270,,,,
228,Lait fermenté,7001,,,30,5,days,réfrigéré,2025-10-04 17:24:01.602539+00,2025-10-30 17:19:37.101885+00,,,,,3467,f,90,7,90,,3,30,336
223,Lait de riz,4003,,,90,5,days,température ambiante puis réfrigéré,2025-10-04 17:24:01.602539+00,2025-10-28 15:14:11.228694+00,,,,,4098,f,730,730,,365,365,,
7,Ketchup maison,1059,,cuisson et réduction avec sucre,30,14,days,réfrigéré,2025-10-04 13:05:32.404841+00,2025-10-28 15:14:11.228694+00,Sauce tomate concentrée sucrée et épicée,,,,3474,f,365,365,,,60,,
229,Lait ribot,7001,,,30,5,days,réfrigéré,2025-10-04 17:24:01.602539+00,2025-10-30 17:19:37.101885+00,,,,,3467,f,90,7,90,,3,30,336
205,Yaourt nature entier,7001,,,30,5,days,réfrigéré,2025-10-04 17:24:01.602539+00,2025-10-30 17:19:37.101885+00,,,,,3467,f,,21,60,,3,,333
206,Yaourt nature 0%,7001,,,30,5,days,réfrigéré,2025-10-04 17:24:01.602539+00,2025-10-30 17:19:37.101885+00,,,,,3467,f,,21,60,,3,,333
207,Yaourt nature brassé,7001,,,30,5,days,réfrigéré,2025-10-04 17:24:01.602539+00,2025-10-30 17:19:37.101885+00,,,,,3467,f,,21,60,,3,,333
208,Yaourt grec nature,7001,,,30,5,days,réfrigéré,2025-10-04 17:24:01.602539+00,2025-10-30 17:19:37.101885+00,,,,,3467,f,,21,60,,3,,333
209,Yaourt grec 0%,7001,,,30,5,days,réfrigéré,2025-10-04 17:24:01.602539+00,2025-10-30 17:19:37.101885+00,,,,,3467,f,,21,60,,3,,333
213,Yaourt vanille,7001,,,30,5,days,réfrigéré,2025-10-04 17:24:01.602539+00,2025-10-30 17:19:37.101885+00,,,,,3467,f,,21,60,,3,,333
