id,name,description,prep_time_minutes,cook_time_minutes,servings,cooking_method,role,is_scalable_to_main
1,Gratin Dauphinois,"Un plat classique et réconfortant de la cuisine française, à base de pommes de terre fondantes et de crème.",20,60,6,Cuisson au four,ACCOMPAGNEMENT,t
2,Overnight porridge aux graines de chia et fruits rouges,Une savoureuse recette de petit-déjeuner nutritif,10,480,2,Sans cuisson,ENTREE,f
3,"Porridge salé aux épinards, feta et œuf mollet",Une recette originale de porridge salé,15,20,2,Mijotage,PLAT_PRINCIPAL,f
4,Smoothie bowl tropical mangue-ananas-coco,Un bowl vitaminé aux fruits exotiques,10,0,2,Sans cuisson,ENTREE,f
5,"Smoothie bowl vert épinards, kiwi et banane",Un smoothie bowl énergisant et healthy,10,0,2,Sans cuisson,ENTREE,f
6,Pudding de chia au lait de coco et coulis de mangue,Un dessert léger aux graines de chia,15,240,4,Sans cuisson,DESSERT,f
7,Granola maison aux noix de pécan et sirop d'érable,Un granola croustillant fait maison,15,30,8,Cuisson au four,ENTREE,f
8,Muesli Bircher aux pommes râpées et noisettes,Le classique muesli suisse,10,480,4,Sans cuisson,ENTREE,f
9,Pancakes américains fluffy au sirop d'érable,Des pancakes moelleux et aériens,15,20,4,Poêle,DESSERT,f
10,Pancakes à la banane sans sucre ajouté,Des pancakes naturellement sucrés,10,15,4,Poêle,ENTREE,f
11,Pancakes salés au saumon fumé et aneth,Une version salée des pancakes,15,20,4,Poêle,PLAT_PRINCIPAL,f
12,"Porridge d'avoine, pommes et cannelle","Une savoureuse recette de Porridge d'avoine, pommes et cannelle",25,45,4,Mixte,PLAT_PRINCIPAL,f
13,Overnight porridge aux graines de chia et fruits rouges,Une savoureuse recette de Overnight porridge aux graines de chia et fruits rouges,25,45,4,Mixte,PLAT_PRINCIPAL,f
14,"Porridge salé aux épinards, feta et œuf mollet","Une savoureuse recette de Porridge salé aux épinards, feta et œuf mollet",25,45,4,Mixte,PLAT_PRINCIPAL,f
15,Smoothie bowl tropical mangue-ananas-coco,Une savoureuse recette de Smoothie bowl tropical mangue-ananas-coco,25,45,4,Mixte,PLAT_PRINCIPAL,f
16,"Smoothie bowl vert épinards, kiwi et banane","Une savoureuse recette de Smoothie bowl vert épinards, kiwi et banane",25,45,4,Mixte,PLAT_PRINCIPAL,f
17,Pudding de chia au lait de coco et coulis de mangue,Une savoureuse recette de Pudding de chia au lait de coco et coulis de mangue,20,40,6,Mixte,DESSERT,f
18,Granola maison aux noix de pécan et sirop d'érable,Une savoureuse recette de Granola maison aux noix de pécan et sirop d'érable,25,45,4,Mixte,PLAT_PRINCIPAL,f
19,Muesli Bircher aux pommes râpées et noisettes,Une savoureuse recette de Muesli Bircher aux pommes râpées et noisettes,25,45,4,Mixte,PLAT_PRINCIPAL,f
20,Pancakes américains fluffy au sirop d'érable,Une délicieuse recette américaine : Pancakes américains fluffy au sirop d'érable,20,40,6,Cuisson au four,DESSERT,f
21,Pancakes à la banane sans sucre ajouté,Une savoureuse recette de Pancakes à la banane sans sucre ajouté,20,40,6,Cuisson au four,DESSERT,f
22,Pancakes salés au saumon fumé et aneth,Une savoureuse recette de Pancakes salés au saumon fumé et aneth,20,40,6,Cuisson au four,DESSERT,f
23,Crêpes fines au sucre et citron,Une savoureuse recette de Crêpes fines au sucre et citron,25,45,4,Mixte,PLAT_PRINCIPAL,f
24,Gaufres de Liège au sucre perlé,Une savoureuse recette de Gaufres de Liège au sucre perlé,25,45,4,Mixte,PLAT_PRINCIPAL,f
25,Gaufres salées au jambon et fromage,Une savoureuse recette de Gaufres salées au jambon et fromage,25,45,4,Mixte,PLAT_PRINCIPAL,f
26,Œufs brouillés crémeux à la ciboulette,Une savoureuse recette de Œufs brouillés crémeux à la ciboulette,25,45,4,Mixte,PLAT_PRINCIPAL,f
27,Œuf poché sur toast d'avocat,Une savoureuse recette de Œuf poché sur toast d'avocat,15,15,4,Mixte,ENTREE,f
28,Omelette aux champignons de Paris et persil,Une savoureuse recette de Omelette aux champignons de Paris et persil,25,45,4,Mixte,PLAT_PRINCIPAL,f
29,Œufs au plat et bacon grillé (English style),Une savoureuse recette de Œufs au plat et bacon grillé (English style),25,45,4,Poêle,PLAT_PRINCIPAL,f
30,Pain perdu à la cannelle,Une savoureuse recette de Pain perdu à la cannelle,25,45,4,Mixte,PLAT_PRINCIPAL,f
31,Brioche perdue aux fruits rouges,Une savoureuse recette de Brioche perdue aux fruits rouges,25,45,4,Mixte,PLAT_PRINCIPAL,f
32,"Yaourt grec, miel et noix","Une savoureuse recette de Yaourt grec, miel et noix",25,45,4,Mixte,PLAT_PRINCIPAL,f
33,Fromage blanc et compote de pommes maison,Une savoureuse recette de Fromage blanc et compote de pommes maison,20,40,6,Mixte,DESSERT,f
34,"Toast de pain complet, avocat et graines de sésame","Une savoureuse recette de Toast de pain complet, avocat et graines de sésame",15,15,4,Mixte,ENTREE,f
35,"Tartine de chèvre frais, miel et thym","Une savoureuse recette de Tartine de chèvre frais, miel et thym",15,15,4,Mixte,ENTREE,f
36,Huevos Rotos (œufs cassés sur frites et jambon Serrano),Une savoureuse recette de Huevos Rotos (œufs cassés sur frites et jambon Serrano),10,30,4,Poêle,ACCOMPAGNEMENT,t
37,Pan con Tomate (pain grillé à la tomate et ail),Une savoureuse recette de Pan con Tomate (pain grillé à la tomate et ail),25,45,4,Poêle,PLAT_PRINCIPAL,f
38,Shakshuka (œufs pochés dans une sauce tomate épicée),Une savoureuse recette de Shakshuka (œufs pochés dans une sauce tomate épicée),25,45,4,Mixte,PLAT_PRINCIPAL,f
39,Full English Breakfast complet,Une savoureuse recette de Full English Breakfast complet,25,45,4,Mixte,PLAT_PRINCIPAL,f
40,Œufs Bénédictine et sauce hollandaise,Une délicieuse recette française : Œufs Bénédictine et sauce hollandaise,25,45,4,Mixte,PLAT_PRINCIPAL,f
41,Tamagoyaki (omelette roulée japonaise),Une délicieuse recette japonaise : Tamagoyaki (omelette roulée japonaise),25,45,4,Mixte,PLAT_PRINCIPAL,f
42,Gaspacho Andalou traditionnel,Une savoureuse recette de Gaspacho Andalou traditionnel,25,45,4,Mixte,PLAT_PRINCIPAL,f
43,Salmorejo de Cordoue et ses garnitures,Une savoureuse recette de Salmorejo de Cordoue et ses garnitures,25,45,4,Mixte,PLAT_PRINCIPAL,f
44,Soupe froide de concombre à la menthe,Une savoureuse recette de Soupe froide de concombre à la menthe,15,15,4,Mixte,ENTREE,f
45,Velouté froid de courgettes au basilic,Une savoureuse recette de Velouté froid de courgettes au basilic,15,15,4,Mixte,ENTREE,f
46,"Verrine avocat, crevette et pamplemousse","Une savoureuse recette de Verrine avocat, crevette et pamplemousse",20,40,6,Mixte,DESSERT,f
47,"Salade Caprese (tomate, mozzarella, basilic)","Une savoureuse recette de Salade Caprese (tomate, mozzarella, basilic)",15,15,4,Sans cuisson,ENTREE,f
48,Salade Grecque traditionnelle,Une savoureuse recette de Salade Grecque traditionnelle,15,15,4,Sans cuisson,ENTREE,f
49,Taboulé libanais (riche en persil),Une délicieuse recette orientale : Taboulé libanais (riche en persil),25,45,4,Mixte,PLAT_PRINCIPAL,f
50,Salade de lentilles vertes du Puy et lardons,Une savoureuse recette de Salade de lentilles vertes du Puy et lardons,15,15,4,Sans cuisson,ENTREE,f
51,Salade César au poulet grillé et copeaux de parmesan,Une savoureuse recette de Salade César au poulet grillé et copeaux de parmesan,15,15,4,Poêle,ENTREE,f
52,Salade Niçoise classique,Une délicieuse recette française : Salade Niçoise classique,15,15,4,Sans cuisson,ENTREE,f
53,Salade de chèvre chaud sur toast,Une savoureuse recette de Salade de chèvre chaud sur toast,15,15,4,Sans cuisson,ENTREE,f
54,"Salade de pâtes à l'italienne (pesto, tomates séchées)","Une délicieuse recette italienne : Salade de pâtes à l'italienne (pesto, tomates séchées)",15,15,4,Sans cuisson,ENTREE,f
55,"Salade de riz au thon, maïs et poivrons","Une savoureuse recette de Salade de riz au thon, maïs et poivrons",15,15,4,Sans cuisson,ENTREE,f
56,Salade piémontaise,Une savoureuse recette de Salade piémontaise,15,15,4,Sans cuisson,ENTREE,f
57,Bò bún vietnamien au bœuf,Une savoureuse recette de Bò bún vietnamien au bœuf,25,45,4,Mixte,PLAT_PRINCIPAL,f
58,Houmous de pois chiches maison,Une délicieuse recette orientale : Houmous de pois chiches maison,25,45,4,Mixte,PLAT_PRINCIPAL,f
59,Baba Ganoush (caviar d'aubergines fumées),Une savoureuse recette de Baba Ganoush (caviar d'aubergines fumées),25,45,4,Mixte,PLAT_PRINCIPAL,f
60,Tzatziki grec au concombre et à l'aneth,Une savoureuse recette de Tzatziki grec au concombre et à l'aneth,25,45,4,Mixte,PLAT_PRINCIPAL,f
61,Moutabal libanais,Une délicieuse recette orientale : Moutabal libanais,25,45,4,Mixte,PLAT_PRINCIPAL,f
62,Tapenade d'olives noires de Provence,Une délicieuse recette française : Tapenade d'olives noires de Provence,25,45,4,Mixte,PLAT_PRINCIPAL,f
63,Guacamole maison et chips de maïs,Une délicieuse recette mexicaine : Guacamole maison et chips de maïs,25,45,4,Mixte,PLAT_PRINCIPAL,f
64,Bruschetta à la tomate fraîche et basilic,Une savoureuse recette de Bruschetta à la tomate fraîche et basilic,15,15,4,Mixte,ENTREE,f
65,Crostinis au chèvre et figues,Une savoureuse recette de Crostinis au chèvre et figues,25,45,4,Mixte,PLAT_PRINCIPAL,f
66,Tartinade de thon et St Môret,Une savoureuse recette de Tartinade de thon et St Môret,25,45,4,Mixte,PLAT_PRINCIPAL,f
67,Rillettes de saumon frais et fumé,Une savoureuse recette de Rillettes de saumon frais et fumé,25,45,4,Mixte,PLAT_PRINCIPAL,f
68,Tortilla de patatas espagnole,Une délicieuse recette espagnole : Tortilla de patatas espagnole,25,45,4,Mixte,PLAT_PRINCIPAL,f
69,Patatas bravas et leur sauce épicée,Une savoureuse recette de Patatas bravas et leur sauce épicée,25,45,4,Mixte,PLAT_PRINCIPAL,f
70,Croquetas de jamón (croquettes de jambon),Une savoureuse recette de Croquetas de jamón (croquettes de jambon),25,45,4,Mixte,PLAT_PRINCIPAL,f
71,Pimientos de Padrón grillés,Une savoureuse recette de Pimientos de Padrón grillés,25,45,4,Poêle,PLAT_PRINCIPAL,f
72,Gambas al ajillo (crevettes à l'ail),Une savoureuse recette de Gambas al ajillo (crevettes à l'ail),25,45,4,Mixte,PLAT_PRINCIPAL,f
73,"Falafels de pois chiches, sauce tahini","Une délicieuse recette orientale : Falafels de pois chiches, sauce tahini",25,45,4,Mixte,PLAT_PRINCIPAL,f
74,Samoussas aux légumes et épices,Une savoureuse recette de Samoussas aux légumes et épices,25,45,4,Mixte,PLAT_PRINCIPAL,f
75,Nems au porc et leur sauce,Une savoureuse recette de Nems au porc et leur sauce,25,45,4,Mixte,PLAT_PRINCIPAL,f
76,Rouleaux de printemps aux crevettes,Une savoureuse recette de Rouleaux de printemps aux crevettes,25,45,4,Mixte,PLAT_PRINCIPAL,f
77,Accras de morue antillais,Une savoureuse recette de Accras de morue antillais,25,45,4,Mixte,PLAT_PRINCIPAL,f
78,Beignets de calamars à la romaine,Une délicieuse recette italienne : Beignets de calamars à la romaine,25,45,4,Friture,PLAT_PRINCIPAL,f
79,Arancini siciliens (boules de risotto frites),Une délicieuse recette italienne : Arancini siciliens (boules de risotto frites),10,30,4,Poêle,ACCOMPAGNEMENT,t
80,Focaccia au romarin et à la fleur de sel,Une savoureuse recette de Focaccia au romarin et à la fleur de sel,25,45,4,Mixte,PLAT_PRINCIPAL,f
81,Gressins italiens maison,Une délicieuse recette italienne : Gressins italiens maison,25,45,4,Mixte,PLAT_PRINCIPAL,f
82,Légumes grillés marinés à l'italienne (antipasti),Une délicieuse recette italienne : Légumes grillés marinés à l'italienne (antipasti),25,45,4,Poêle,PLAT_PRINCIPAL,f
83,Artichauts à la romaine,Une délicieuse recette italienne : Artichauts à la romaine,25,45,4,Mixte,PLAT_PRINCIPAL,f
84,Poivrons marinés à l'huile d'olive et à l'ail,Une savoureuse recette de Poivrons marinés à l'huile d'olive et à l'ail,25,45,4,Mixte,PLAT_PRINCIPAL,f
85,Aubergines à la parmesane (Melanzane alla parmigiana),Une savoureuse recette de Aubergines à la parmesane (Melanzane alla parmigiana),25,45,4,Mixte,PLAT_PRINCIPAL,f
86,Velouté de potimarron et châtaignes,Une savoureuse recette de Velouté de potimarron et châtaignes,15,15,4,Mixte,ENTREE,f
87,Soupe à l'oignon gratinée,Une savoureuse recette de Soupe à l'oignon gratinée,15,15,4,Cuisson au four,ENTREE,f
88,Crème de lentilles corail au lait de coco,Une savoureuse recette de Crème de lentilles corail au lait de coco,20,40,6,Mixte,DESSERT,f
89,Soupe de poireaux-pommes de terre,Une savoureuse recette de Soupe de poireaux-pommes de terre,15,15,4,Mixte,ENTREE,f
90,Velouté Dubarry (chou-fleur),Une savoureuse recette de Velouté Dubarry (chou-fleur),15,15,4,Mixte,ENTREE,f
91,Minestrone de légumes italiens,Une délicieuse recette italienne : Minestrone de légumes italiens,25,45,4,Mixte,PLAT_PRINCIPAL,f
92,Soupe de poisson et sa rouille,Une savoureuse recette de Soupe de poisson et sa rouille,15,15,4,Mixte,ENTREE,f
93,Bouillon thaï aux crevettes (Tom Yum),Une délicieuse recette thaïlandaise : Bouillon thaï aux crevettes (Tom Yum),25,45,4,Mixte,PLAT_PRINCIPAL,f
94,Soupe Phở au bœuf vietnamienne,Une savoureuse recette de Soupe Phở au bœuf vietnamienne,15,15,4,Mixte,ENTREE,f
95,Soupe miso japonaise,Une délicieuse recette japonaise : Soupe miso japonaise,15,15,4,Mixte,ENTREE,f
96,Harira marocaine (soupe de rupture du jeûne),Une délicieuse recette orientale : Harira marocaine (soupe de rupture du jeûne),15,15,4,Mixte,ENTREE,f
97,Chorba algérienne,Une savoureuse recette de Chorba algérienne,25,45,4,Mixte,PLAT_PRINCIPAL,f
98,Œufs cocotte à la crème et aux lardons,Une savoureuse recette de Œufs cocotte à la crème et aux lardons,20,40,6,Mixte,DESSERT,f
99,Feuilletés saucisse à la moutarde,Une savoureuse recette de Feuilletés saucisse à la moutarde,25,45,4,Mixte,PLAT_PRINCIPAL,f
100,Mini-brochettes de poulet mariné au satay,Une savoureuse recette de Mini-brochettes de poulet mariné au satay,25,45,4,Grill/Barbecue,PLAT_PRINCIPAL,f
101,"Mini-brochettes Caprese (tomate cerise, mozzarella, basilic)","Une savoureuse recette de Mini-brochettes Caprese (tomate cerise, mozzarella, basilic)",25,45,4,Grill/Barbecue,PLAT_PRINCIPAL,f
102,Roulés de courgette au fromage frais,Une savoureuse recette de Roulés de courgette au fromage frais,25,45,4,Mixte,PLAT_PRINCIPAL,f
103,Blinis au saumon fumé et crème à l'aneth,Une savoureuse recette de Blinis au saumon fumé et crème à l'aneth,20,40,6,Mixte,DESSERT,f
104,Champignons farcis à l'ail et au persil,Une savoureuse recette de Champignons farcis à l'ail et au persil,25,45,4,Mixte,PLAT_PRINCIPAL,f
105,Tomates provençales au four,Une savoureuse recette de Tomates provençales au four,25,45,4,Cuisson au four,PLAT_PRINCIPAL,f
106,Tarte soleil au pesto et parmesan,Une savoureuse recette de Tarte soleil au pesto et parmesan,20,40,6,Cuisson au four,DESSERT,f
107,Gougères au fromage,Une savoureuse recette de Gougères au fromage,25,45,4,Mixte,PLAT_PRINCIPAL,f
108,Cake salé aux olives et au jambon,Une savoureuse recette de Cake salé aux olives et au jambon,20,40,6,Cuisson au four,DESSERT,f
109,Muffins salés au chorizo et poivron,Une savoureuse recette de Muffins salés au chorizo et poivron,20,40,6,Mixte,DESSERT,f
110,Madeleines salées au chèvre et romarin,Une savoureuse recette de Madeleines salées au chèvre et romarin,25,45,4,Mixte,PLAT_PRINCIPAL,f
111,Quiche Lorraine traditionnelle,Une savoureuse recette de Quiche Lorraine traditionnelle,25,45,4,Mixte,PLAT_PRINCIPAL,f
112,Tarte aux poireaux et lardons,Une savoureuse recette de Tarte aux poireaux et lardons,20,40,6,Cuisson au four,DESSERT,f
113,Tarte à la tomate et à la moutarde,Une savoureuse recette de Tarte à la tomate et à la moutarde,20,40,6,Cuisson au four,DESSERT,f
114,Tarte fine aux légumes du soleil et chèvre,Une savoureuse recette de Tarte fine aux légumes du soleil et chèvre,20,40,6,Cuisson au four,DESSERT,f
115,Quiche sans pâte aux épinards et ricotta,Une savoureuse recette de Quiche sans pâte aux épinards et ricotta,25,45,4,Mixte,PLAT_PRINCIPAL,f
116,Flammenkueche alsacienne,Une délicieuse recette française : Flammenkueche alsacienne,25,45,4,Mixte,PLAT_PRINCIPAL,f
117,Pizza Margherita,Une délicieuse recette italienne : Pizza Margherita,25,45,4,Cuisson au four,PLAT_PRINCIPAL,f
118,"Pizza Reine (jambon, champignons)","Une délicieuse recette italienne : Pizza Reine (jambon, champignons)",25,45,4,Cuisson au four,PLAT_PRINCIPAL,f
119,Pizza 4 fromages,Une délicieuse recette italienne : Pizza 4 fromages,25,45,4,Cuisson au four,PLAT_PRINCIPAL,f
120,Calzone (pizza soufflée),Une délicieuse recette italienne : Calzone (pizza soufflée),25,45,4,Cuisson au four,PLAT_PRINCIPAL,f
121,Poulet rôti du dimanche aux herbes de Provence,Une délicieuse recette française : Poulet rôti du dimanche aux herbes de Provence,25,45,4,Cuisson au four,PLAT_PRINCIPAL,f
122,Poulet basquaise,Une savoureuse recette de Poulet basquaise,25,45,4,Mixte,PLAT_PRINCIPAL,f
123,Poulet à la crème et aux champignons,Une savoureuse recette de Poulet à la crème et aux champignons,20,40,6,Mixte,DESSERT,f
124,Poulet vallée d'Auge (au cidre et à la crème),Une savoureuse recette de Poulet vallée d'Auge (au cidre et à la crème),20,40,6,Mixte,DESSERT,f
125,Coq au vin,Une savoureuse recette de Coq au vin,25,45,4,Mixte,PLAT_PRINCIPAL,f
126,Waterzooi de poulet à la gantoise,Une savoureuse recette de Waterzooi de poulet à la gantoise,25,45,4,Mixte,PLAT_PRINCIPAL,f
127,Escalopes de poulet à la milanaise,Une délicieuse recette italienne : Escalopes de poulet à la milanaise,25,45,4,Poêle,PLAT_PRINCIPAL,f
128,Escalopes de poulet panées au citron,Une savoureuse recette de Escalopes de poulet panées au citron,25,45,4,Poêle,PLAT_PRINCIPAL,f
129,"Saltimbocca de veau à la romaine (jambon de Parme, sauge)","Une délicieuse recette italienne : Saltimbocca de veau à la romaine (jambon de Parme, sauge)",25,45,4,Mixte,PLAT_PRINCIPAL,f
130,Piccata de veau au citron,Une savoureuse recette de Piccata de veau au citron,25,45,4,Mixte,PLAT_PRINCIPAL,f
131,Blanquette de veau à l'ancienne,Une savoureuse recette de Blanquette de veau à l'ancienne,25,45,4,Mixte,PLAT_PRINCIPAL,f
132,Osso buco à la milanaise,Une délicieuse recette italienne : Osso buco à la milanaise,25,45,4,Mixte,PLAT_PRINCIPAL,f
133,Rôti de veau Orloff,Une savoureuse recette de Rôti de veau Orloff,25,45,4,Cuisson au four,PLAT_PRINCIPAL,f
134,Sauté de veau Marengo,Une délicieuse recette asiatique : Sauté de veau Marengo,25,45,4,Poêle,PLAT_PRINCIPAL,f
135,Paupiettes de veau en sauce,Une savoureuse recette de Paupiettes de veau en sauce,25,45,4,Mixte,PLAT_PRINCIPAL,f
136,Bœuf bourguignon,Une délicieuse recette française : Bœuf bourguignon,25,45,4,Mijotage,PLAT_PRINCIPAL,f
137,Daube de bœuf provençale,Une savoureuse recette de Daube de bœuf provençale,25,45,4,Mijotage,PLAT_PRINCIPAL,f
138,Carbonnade flamande,Une savoureuse recette de Carbonnade flamande,25,45,4,Mixte,PLAT_PRINCIPAL,f
139,Pot-au-feu et ses légumes,Une savoureuse recette de Pot-au-feu et ses légumes,25,45,4,Mixte,PLAT_PRINCIPAL,f
140,Hachis Parmentier,Une savoureuse recette de Hachis Parmentier,25,45,4,Mixte,PLAT_PRINCIPAL,f
141,"Steak frites, sauce au poivre","Une savoureuse recette de Steak frites, sauce au poivre",10,30,4,Poêle,ACCOMPAGNEMENT,t
142,"Entrecôte grillée, sauce béarnaise","Une savoureuse recette de Entrecôte grillée, sauce béarnaise",25,45,4,Poêle,PLAT_PRINCIPAL,f
143,Tartare de bœuf préparé,Une savoureuse recette de Tartare de bœuf préparé,25,0,4,Sans cuisson,PLAT_PRINCIPAL,f
144,"Carpaccio de bœuf, parmesan et roquette","Une savoureuse recette de Carpaccio de bœuf, parmesan et roquette",25,0,4,Sans cuisson,PLAT_PRINCIPAL,f
145,Bœuf Stroganoff,Une savoureuse recette de Bœuf Stroganoff,25,45,4,Mixte,PLAT_PRINCIPAL,f
146,Goulash de bœuf hongrois,Une savoureuse recette de Goulash de bœuf hongrois,25,45,4,Mixte,PLAT_PRINCIPAL,f
147,Chili con carne,Une délicieuse recette mexicaine : Chili con carne,25,45,4,Mixte,PLAT_PRINCIPAL,f
249,Chili sin carne,Une délicieuse recette mexicaine : Chili sin carne,25,45,4,Mixte,PLAT_PRINCIPAL,f
148,Boulettes de bœuf à la sauce tomate,Une savoureuse recette de Boulettes de bœuf à la sauce tomate,25,45,4,Mixte,PLAT_PRINCIPAL,f
149,Kefta de bœuf à la marocaine,Une délicieuse recette orientale : Kefta de bœuf à la marocaine,25,45,4,Mixte,PLAT_PRINCIPAL,f
150,Bœuf loc lac cambodgien,Une savoureuse recette de Bœuf loc lac cambodgien,25,45,4,Mixte,PLAT_PRINCIPAL,f
151,Bœuf sauté aux oignons,Une délicieuse recette asiatique : Bœuf sauté aux oignons,25,45,4,Poêle,PLAT_PRINCIPAL,f
152,Bœuf sauté au gingembre et à la ciboulette,Une délicieuse recette asiatique : Bœuf sauté au gingembre et à la ciboulette,25,45,4,Poêle,PLAT_PRINCIPAL,f
153,Bibimbap coréen au bœuf,Une savoureuse recette de Bibimbap coréen au bœuf,25,45,4,Mixte,PLAT_PRINCIPAL,f
154,Bulgogi (barbecue coréen),Une délicieuse recette américaine : Bulgogi (barbecue coréen),25,45,4,Grill/Barbecue,PLAT_PRINCIPAL,f
155,Gyudon japonais (bol de riz au bœuf),Une délicieuse recette japonaise : Gyudon japonais (bol de riz au bœuf),25,45,4,Mixte,PLAT_PRINCIPAL,f
156,Rôti de porc à la moutarde,Une savoureuse recette de Rôti de porc à la moutarde,25,45,4,Cuisson au four,PLAT_PRINCIPAL,f
157,Filet mignon de porc en croûte,Une savoureuse recette de Filet mignon de porc en croûte,25,45,4,Mixte,PLAT_PRINCIPAL,f
158,Sauté de porc au caramel,Une délicieuse recette asiatique : Sauté de porc au caramel,25,45,4,Poêle,PLAT_PRINCIPAL,f
159,Porc à l'aigre-douce,Une savoureuse recette de Porc à l'aigre-douce,25,45,4,Mixte,PLAT_PRINCIPAL,f
160,Rougail saucisse réunionnais,Une savoureuse recette de Rougail saucisse réunionnais,25,45,4,Mixte,PLAT_PRINCIPAL,f
161,Saucisses de Toulouse et purée maison,Une savoureuse recette de Saucisses de Toulouse et purée maison,10,30,4,Mixte,ACCOMPAGNEMENT,t
162,Travers de porc (ribs) sauce barbecue,Une délicieuse recette américaine : Travers de porc (ribs) sauce barbecue,25,45,4,Grill/Barbecue,PLAT_PRINCIPAL,f
163,Pulled pork (effiloché de porc),Une délicieuse recette américaine : Pulled pork (effiloché de porc),25,45,4,Mixte,PLAT_PRINCIPAL,f
164,Porc Tonkatsu japonais (escalope panée),Une délicieuse recette japonaise : Porc Tonkatsu japonais (escalope panée),25,45,4,Poêle,PLAT_PRINCIPAL,f
165,Jambon à l'os braisé au madère,Une savoureuse recette de Jambon à l'os braisé au madère,25,120,4,Mijotage,PLAT_PRINCIPAL,f
166,Gigot d'agneau de sept heures,Une savoureuse recette de Gigot d'agneau de sept heures,25,120,4,Mixte,PLAT_PRINCIPAL,f
167,Navarin d'agneau printainier,Une savoureuse recette de Navarin d'agneau printainier,25,45,4,Mixte,PLAT_PRINCIPAL,f
168,Souris d'agneau confites au miel et au thym,Une savoureuse recette de Souris d'agneau confites au miel et au thym,25,120,4,Mixte,PLAT_PRINCIPAL,f
169,Curry d'agneau à l'indienne (Rogan Josh),Une délicieuse recette indienne : Curry d'agneau à l'indienne (Rogan Josh),25,45,4,Mixte,PLAT_PRINCIPAL,f
170,Moussaka grecque,Une savoureuse recette de Moussaka grecque,25,45,4,Mixte,PLAT_PRINCIPAL,f
171,Tajine d'agneau aux pruneaux et amandes,Une délicieuse recette orientale : Tajine d'agneau aux pruneaux et amandes,25,45,4,Mijotage,PLAT_PRINCIPAL,f
172,Brochettes d'agneau marinées au citron et origan,Une savoureuse recette de Brochettes d'agneau marinées au citron et origan,25,45,4,Grill/Barbecue,PLAT_PRINCIPAL,f
173,Côtelettes d'agneau grillées à l'ail,Une savoureuse recette de Côtelettes d'agneau grillées à l'ail,25,45,4,Poêle,PLAT_PRINCIPAL,f
174,Shepherd's pie (hachis Parmentier d'agneau),Une savoureuse recette de Shepherd's pie (hachis Parmentier d'agneau),25,45,4,Mixte,PLAT_PRINCIPAL,f
175,Kefta d'agneau et semoule,Une savoureuse recette de Kefta d'agneau et semoule,25,45,4,Mixte,PLAT_PRINCIPAL,f
176,"Magret de canard, sauce au poivre vert","Une savoureuse recette de Magret de canard, sauce au poivre vert",25,45,4,Mixte,PLAT_PRINCIPAL,f
177,Confit de canard et pommes de terre sarladaises,Une savoureuse recette de Confit de canard et pommes de terre sarladaises,25,120,4,Mixte,PLAT_PRINCIPAL,f
178,Canard laqué pékinois (version simplifiée),Une savoureuse recette de Canard laqué pékinois (version simplifiée),25,45,4,Mixte,PLAT_PRINCIPAL,f
179,Parmentier de canard,Une savoureuse recette de Parmentier de canard,25,45,4,Mixte,PLAT_PRINCIPAL,f
180,Lapin à la moutarde,Une savoureuse recette de Lapin à la moutarde,25,45,4,Mixte,PLAT_PRINCIPAL,f
181,Lapin chasseur,Une savoureuse recette de Lapin chasseur,25,45,4,Mixte,PLAT_PRINCIPAL,f
182,Cassoulet de Toulouse,Une savoureuse recette de Cassoulet de Toulouse,25,45,4,Mixte,PLAT_PRINCIPAL,f
183,Choucroute garnie alsacienne,Une délicieuse recette française : Choucroute garnie alsacienne,25,45,4,Mixte,PLAT_PRINCIPAL,f
184,Petit salé aux lentilles,Une savoureuse recette de Petit salé aux lentilles,25,45,4,Mixte,PLAT_PRINCIPAL,f
185,"Andouillette de Troyes, sauce moutarde","Une savoureuse recette de Andouillette de Troyes, sauce moutarde",25,45,4,Mixte,PLAT_PRINCIPAL,f
186,Boudin noir aux pommes,Une savoureuse recette de Boudin noir aux pommes,25,45,4,Mixte,PLAT_PRINCIPAL,f
187,Saucisson de Lyon pistaché en brioche,Une savoureuse recette de Saucisson de Lyon pistaché en brioche,25,45,4,Mixte,PLAT_PRINCIPAL,f
188,Far breton (version salée aux pruneaux et lard),Une délicieuse recette française : Far breton (version salée aux pruneaux et lard),25,45,4,Mixte,PLAT_PRINCIPAL,f
189,"Crêpes salées complètes (jambon, œuf, fromage)","Une savoureuse recette de Crêpes salées complètes (jambon, œuf, fromage)",25,45,4,Mixte,PLAT_PRINCIPAL,f
190,Galettes de sarrasin bretonnes,Une délicieuse recette française : Galettes de sarrasin bretonnes,25,45,4,Mixte,PLAT_PRINCIPAL,f
191,Moules marinières,Une savoureuse recette de Moules marinières,25,45,4,Mixte,PLAT_PRINCIPAL,f
192,Moules à la crème et aux frites,Une savoureuse recette de Moules à la crème et aux frites,20,40,6,Poêle,DESSERT,f
193,Moules au curry,Une délicieuse recette indienne : Moules au curry,25,45,4,Mixte,PLAT_PRINCIPAL,f
194,Moules à la provençale,Une savoureuse recette de Moules à la provençale,25,45,4,Mixte,PLAT_PRINCIPAL,f
195,Paella valenciana,Une délicieuse recette espagnole : Paella valenciana,25,45,4,Mixte,PLAT_PRINCIPAL,f
196,Paella aux fruits de mer,Une délicieuse recette espagnole : Paella aux fruits de mer,25,45,4,Mixte,PLAT_PRINCIPAL,f
197,Zarzuela de mariscos (cassolette de poissons espagnole),Une délicieuse recette espagnole : Zarzuela de mariscos (cassolette de poissons espagnole),25,45,4,Mixte,PLAT_PRINCIPAL,f
198,Marmitako (ragoût de thon basque),Une délicieuse recette espagnole : Marmitako (ragoût de thon basque),25,45,4,Mijotage,PLAT_PRINCIPAL,f
199,Fideuà (paella de vermicelles),Une délicieuse recette espagnole : Fideuà (paella de vermicelles),25,45,4,Mixte,PLAT_PRINCIPAL,f
200,Lotte à l'américaine,Une délicieuse recette américaine : Lotte à l'américaine,25,45,4,Mixte,PLAT_PRINCIPAL,f
201,Bouillabaisse marseillaise,Une savoureuse recette de Bouillabaisse marseillaise,25,45,4,Mixte,PLAT_PRINCIPAL,f
202,Bourride sétoise,Une savoureuse recette de Bourride sétoise,25,45,4,Mixte,PLAT_PRINCIPAL,f
203,Brandade de morue de Nîmes,Une savoureuse recette de Brandade de morue de Nîmes,25,45,4,Mixte,PLAT_PRINCIPAL,f
204,Aïoli provençal et ses légumes,Une savoureuse recette de Aïoli provençal et ses légumes,25,45,4,Mixte,PLAT_PRINCIPAL,f
205,Pavé de saumon à l'unilatérale,Une savoureuse recette de Pavé de saumon à l'unilatérale,25,45,4,Mixte,PLAT_PRINCIPAL,f
206,"Saumon en papillote, julienne de légumes","Une savoureuse recette de Saumon en papillote, julienne de légumes",25,45,4,Mixte,PLAT_PRINCIPAL,f
207,Saumon teriyaki,Une délicieuse recette japonaise : Saumon teriyaki,25,45,4,Mixte,PLAT_PRINCIPAL,f
208,"Saumon à la plancha, sauce vierge","Une savoureuse recette de Saumon à la plancha, sauce vierge",25,45,4,Mixte,PLAT_PRINCIPAL,f
209,Lasagnes au saumon et épinards,Une savoureuse recette de Lasagnes au saumon et épinards,25,45,4,Mixte,PLAT_PRINCIPAL,f
210,Tartare de saumon à l'aneth et au citron vert,Une savoureuse recette de Tartare de saumon à l'aneth et au citron vert,25,0,4,Sans cuisson,PLAT_PRINCIPAL,f
211,Gravlax de saumon maison,Une savoureuse recette de Gravlax de saumon maison,25,45,4,Mixte,PLAT_PRINCIPAL,f
212,Brochettes de saumon marinées,Une savoureuse recette de Brochettes de saumon marinées,25,45,4,Grill/Barbecue,PLAT_PRINCIPAL,f
213,Quiche au saumon et poireaux,Une savoureuse recette de Quiche au saumon et poireaux,25,45,4,Mixte,PLAT_PRINCIPAL,f
214,Dos de cabillaud en croûte de chorizo,Une savoureuse recette de Dos de cabillaud en croûte de chorizo,10,30,4,Mixte,ACCOMPAGNEMENT,t
215,Cabillaud à la bordelaise,Une savoureuse recette de Cabillaud à la bordelaise,25,45,4,Mixte,PLAT_PRINCIPAL,f
216,"Cabillaud skrei poêlé, purée de panais","Une savoureuse recette de Cabillaud skrei poêlé, purée de panais",10,30,4,Poêle,ACCOMPAGNEMENT,t
217,Fish and chips britannique,Une savoureuse recette de Fish and chips britannique,25,45,4,Mixte,PLAT_PRINCIPAL,f
218,Waterzooi de poisson,Une savoureuse recette de Waterzooi de poisson,25,45,4,Mixte,PLAT_PRINCIPAL,f
219,Curry de poisson au lait de coco,Une délicieuse recette indienne : Curry de poisson au lait de coco,25,45,4,Mixte,PLAT_PRINCIPAL,f
220,Thon mi-cuit au sésame,Une savoureuse recette de Thon mi-cuit au sésame,25,45,4,Mixte,PLAT_PRINCIPAL,f
221,"Steak de thon à la sicilienne (olives, câpres)","Une délicieuse recette italienne : Steak de thon à la sicilienne (olives, câpres)",25,45,4,Mixte,PLAT_PRINCIPAL,f
222,Bar en croûte de sel,Une savoureuse recette de Bar en croûte de sel,25,45,4,Mixte,PLAT_PRINCIPAL,f
223,Dorade royale au four et fenouil,Une savoureuse recette de Dorade royale au four et fenouil,25,45,4,Cuisson au four,PLAT_PRINCIPAL,f
224,Filet de sole meunière,Une savoureuse recette de Filet de sole meunière,25,45,4,Mixte,PLAT_PRINCIPAL,f
225,Raie au beurre noir et aux câpres,Une savoureuse recette de Raie au beurre noir et aux câpres,25,45,4,Mixte,PLAT_PRINCIPAL,f
226,Maquereaux marinés au vin blanc,Une savoureuse recette de Maquereaux marinés au vin blanc,25,45,4,Mixte,PLAT_PRINCIPAL,f
227,Sardines grillées au barbecue,Une délicieuse recette américaine : Sardines grillées au barbecue,25,45,4,Poêle,PLAT_PRINCIPAL,f
228,"Coquilles Saint-Jacques poêlées, fondue de poireaux","Une savoureuse recette de Coquilles Saint-Jacques poêlées, fondue de poireaux",25,45,4,Poêle,PLAT_PRINCIPAL,f
229,"Noix de Saint-Jacques snackées, purée de carottes au cumin","Une savoureuse recette de Noix de Saint-Jacques snackées, purée de carottes au cumin",10,30,4,Mixte,ACCOMPAGNEMENT,t
230,Risotto aux Saint-Jacques et asperges,Une délicieuse recette italienne : Risotto aux Saint-Jacques et asperges,25,45,4,Mixte,PLAT_PRINCIPAL,f
231,Crevettes sautées à l'ail et au persil,Une délicieuse recette asiatique : Crevettes sautées à l'ail et au persil,25,45,4,Poêle,PLAT_PRINCIPAL,f
232,Curry de crevettes et lait de coco,Une délicieuse recette indienne : Curry de crevettes et lait de coco,25,45,4,Mixte,PLAT_PRINCIPAL,f
233,"Pâtes aux crevettes, ail, huile et piment","Une délicieuse recette italienne : Pâtes aux crevettes, ail, huile et piment",10,30,4,Mixte,ACCOMPAGNEMENT,t
234,Crevettes à l'armoricaine,Une savoureuse recette de Crevettes à l'armoricaine,25,45,4,Mixte,PLAT_PRINCIPAL,f
235,Wok de crevettes aux légumes croquants,Une délicieuse recette asiatique : Wok de crevettes aux légumes croquants,25,45,4,Mixte,PLAT_PRINCIPAL,f
236,Pad Thaï aux crevettes,Une délicieuse recette thaïlandaise : Pad Thaï aux crevettes,25,45,4,Mixte,PLAT_PRINCIPAL,f
237,Brochettes de gambas à la plancha,Une savoureuse recette de Brochettes de gambas à la plancha,25,45,4,Grill/Barbecue,PLAT_PRINCIPAL,f
238,Calamars à la romaine,Une délicieuse recette italienne : Calamars à la romaine,25,45,4,Mixte,PLAT_PRINCIPAL,f
239,Encornets farcis à la sétoise,Une savoureuse recette de Encornets farcis à la sétoise,25,45,4,Mixte,PLAT_PRINCIPAL,f
240,Seiches à la plancha en persillade,Une savoureuse recette de Seiches à la plancha en persillade,25,45,4,Mixte,PLAT_PRINCIPAL,f
241,Poulpe à la galicienne (Pulpo a la gallega),Une savoureuse recette de Poulpe à la galicienne (Pulpo a la gallega),25,45,4,Mixte,PLAT_PRINCIPAL,f
242,"Soupe de lentilles corail, carotte et cumin","Une savoureuse recette de Soupe de lentilles corail, carotte et cumin",15,15,4,Mixte,ENTREE,f
243,Dahl de lentilles indien,Une délicieuse recette indienne : Dahl de lentilles indien,25,45,4,Mixte,PLAT_PRINCIPAL,f
244,"Salade de lentilles, carottes et oignons rouges","Une savoureuse recette de Salade de lentilles, carottes et oignons rouges",15,15,4,Sans cuisson,ENTREE,f
245,Bolognaise de lentilles vertes,Une savoureuse recette de Bolognaise de lentilles vertes,25,45,4,Mixte,PLAT_PRINCIPAL,f
246,Curry de pois chiches et épinards,Une délicieuse recette indienne : Curry de pois chiches et épinards,25,45,4,Mixte,PLAT_PRINCIPAL,f
247,Pois chiches rôtis aux épices,Une savoureuse recette de Pois chiches rôtis aux épices,25,45,4,Cuisson au four,PLAT_PRINCIPAL,f
248,Salade de pois chiches à la méditerranéenne,Une savoureuse recette de Salade de pois chiches à la méditerranéenne,15,15,4,Sans cuisson,ENTREE,f
250,Haricots blancs à la bretonne,Une délicieuse recette française : Haricots blancs à la bretonne,25,45,4,Mixte,PLAT_PRINCIPAL,f
251,Fèves à la catalane,Une délicieuse recette espagnole : Fèves à la catalane,25,45,4,Mixte,PLAT_PRINCIPAL,f
252,Socca niçoise (galette de farine de pois chiches),Une délicieuse recette française : Socca niçoise (galette de farine de pois chiches),25,45,4,Mixte,PLAT_PRINCIPAL,f
253,Panisses marseillaises,Une savoureuse recette de Panisses marseillaises,25,45,4,Mixte,PLAT_PRINCIPAL,f
254,Lasagnes végétariennes aux légumes du soleil,Une savoureuse recette de Lasagnes végétariennes aux légumes du soleil,25,45,4,Mixte,PLAT_PRINCIPAL,f
255,Lasagnes aux épinards et à la ricotta,Une savoureuse recette de Lasagnes aux épinards et à la ricotta,25,45,4,Mixte,PLAT_PRINCIPAL,f
256,Risotto aux champignons,Une délicieuse recette italienne : Risotto aux champignons,25,45,4,Mixte,PLAT_PRINCIPAL,f
257,Risotto aux asperges et parmesan,Une délicieuse recette italienne : Risotto aux asperges et parmesan,25,45,4,Mixte,PLAT_PRINCIPAL,f
258,Risotto à la milanaise (au safran),Une délicieuse recette italienne : Risotto à la milanaise (au safran),25,45,4,Mixte,PLAT_PRINCIPAL,f
259,Risotto aux courgettes et menthe,Une délicieuse recette italienne : Risotto aux courgettes et menthe,25,45,4,Mixte,PLAT_PRINCIPAL,f
260,Risotto à la tomate et mozzarella,Une délicieuse recette italienne : Risotto à la tomate et mozzarella,25,45,4,Mixte,PLAT_PRINCIPAL,f
261,Pâtes à la sauce tomate et basilic frais (al pomodoro),Une délicieuse recette italienne : Pâtes à la sauce tomate et basilic frais (al pomodoro),10,30,4,Mixte,ACCOMPAGNEMENT,t
262,Pâtes all'arrabbiata,Une délicieuse recette italienne : Pâtes all'arrabbiata,10,30,4,Mixte,ACCOMPAGNEMENT,t
263,Pâtes alla puttanesca,Une délicieuse recette italienne : Pâtes alla puttanesca,10,30,4,Mixte,ACCOMPAGNEMENT,t
264,"Pâtes à la carbonara (la vraie, sans crème)","Une délicieuse recette italienne : Pâtes à la carbonara (la vraie, sans crème)",20,40,6,Mixte,DESSERT,f
265,Pâtes cacio e pepe,Une délicieuse recette italienne : Pâtes cacio e pepe,10,30,4,Mixte,ACCOMPAGNEMENT,t
266,Pâtes à l'amatriciana,Une délicieuse recette italienne : Pâtes à l'amatriciana,10,30,4,Mixte,ACCOMPAGNEMENT,t
267,Pâtes au pesto alla genovese,Une délicieuse recette italienne : Pâtes au pesto alla genovese,10,30,4,Mixte,ACCOMPAGNEMENT,t
268,Pâtes aux palourdes (alle vongole),Une délicieuse recette italienne : Pâtes aux palourdes (alle vongole),10,30,4,Mixte,ACCOMPAGNEMENT,t
269,Pâtes aux fruits de mer (allo scoglio),Une délicieuse recette italienne : Pâtes aux fruits de mer (allo scoglio),10,30,4,Mixte,ACCOMPAGNEMENT,t
270,"Pâtes alla norma (aubergines, ricotta salata)","Une délicieuse recette italienne : Pâtes alla norma (aubergines, ricotta salata)",10,30,4,Mixte,ACCOMPAGNEMENT,t
271,"Gnocchis de pommes de terre, sauce sauge et beurre","Une délicieuse recette italienne : Gnocchis de pommes de terre, sauce sauge et beurre",25,45,4,Mixte,PLAT_PRINCIPAL,f
272,"Gnocchis à la sorrentina (sauce tomate, mozzarella)","Une délicieuse recette italienne : Gnocchis à la sorrentina (sauce tomate, mozzarella)",25,45,4,Mixte,PLAT_PRINCIPAL,f
273,"Raviolis aux épinards et ricotta, sauce tomate","Une savoureuse recette de Raviolis aux épinards et ricotta, sauce tomate",25,45,4,Mixte,PLAT_PRINCIPAL,f
274,Cannellonis farcis à la bolognaise,Une savoureuse recette de Cannellonis farcis à la bolognaise,25,45,4,Mixte,PLAT_PRINCIPAL,f
275,Spaghettis aux boulettes de viande (style italo-américain),Une délicieuse recette américaine : Spaghettis aux boulettes de viande (style italo-américain),25,45,4,Mixte,PLAT_PRINCIPAL,f
276,Macaroni and cheese américain (gratin de macaronis),Une délicieuse recette américaine : Macaroni and cheese américain (gratin de macaronis),10,30,4,Cuisson au four,ACCOMPAGNEMENT,t
277,Gratin de pâtes au jambon et béchamel,Une délicieuse recette italienne : Gratin de pâtes au jambon et béchamel,10,30,4,Cuisson au four,ACCOMPAGNEMENT,t
278,"One pot pasta tomate, basilic, mozzarella","Une savoureuse recette de One pot pasta tomate, basilic, mozzarella",25,45,4,Mixte,PLAT_PRINCIPAL,f
279,Pâtes au citron et à la crème,Une délicieuse recette italienne : Pâtes au citron et à la crème,20,40,6,Mixte,DESSERT,f
280,Salade de pâtes estivale,Une délicieuse recette italienne : Salade de pâtes estivale,15,15,4,Sans cuisson,ENTREE,f
281,Pâtes fraîches maison,Une délicieuse recette italienne : Pâtes fraîches maison,10,30,4,Mixte,ACCOMPAGNEMENT,t
282,Tofu sauté aux légumes et sauce soja,Une délicieuse recette asiatique : Tofu sauté aux légumes et sauce soja,25,45,4,Poêle,PLAT_PRINCIPAL,f
283,Tofu mariné et grillé au sésame,Une savoureuse recette de Tofu mariné et grillé au sésame,25,45,4,Poêle,PLAT_PRINCIPAL,f
284,Tofu général Tao,Une savoureuse recette de Tofu général Tao,25,45,4,Mixte,PLAT_PRINCIPAL,f
285,Tofu Mapo (recette sichuanaise),Une délicieuse recette chinoise : Tofu Mapo (recette sichuanaise),25,45,4,Mixte,PLAT_PRINCIPAL,f
286,Curry de tofu et légumes,Une délicieuse recette indienne : Curry de tofu et légumes,25,45,4,Mixte,PLAT_PRINCIPAL,f
287,Tofu brouillé (alternative aux œufs),Une savoureuse recette de Tofu brouillé (alternative aux œufs),25,45,4,Mixte,PLAT_PRINCIPAL,f
288,Tofu Katsu (pané et frit),Une délicieuse recette japonaise : Tofu Katsu (pané et frit),25,45,4,Poêle,PLAT_PRINCIPAL,f
289,Seitan bourguignon,Une délicieuse recette française : Seitan bourguignon,25,45,4,Mijotage,PLAT_PRINCIPAL,f
290,Sauté de seitan et brocolis,Une délicieuse recette asiatique : Sauté de seitan et brocolis,25,45,4,Poêle,PLAT_PRINCIPAL,f
291,Burger de seitan,Une délicieuse recette américaine : Burger de seitan,25,45,4,Mixte,PLAT_PRINCIPAL,f
292,Tempeh laqué à l'indonésienne,Une savoureuse recette de Tempeh laqué à l'indonésienne,25,45,4,Mixte,PLAT_PRINCIPAL,f
293,"Buddha bowl au quinoa, patates douces et avocat","Une savoureuse recette de Buddha bowl au quinoa, patates douces et avocat",25,45,4,Mixte,PLAT_PRINCIPAL,f
294,"Salade de quinoa, concombre, feta et menthe","Une savoureuse recette de Salade de quinoa, concombre, feta et menthe",15,15,4,Sans cuisson,ENTREE,f
295,Quinoa façon taboulé,Une savoureuse recette de Quinoa façon taboulé,25,45,4,Mixte,PLAT_PRINCIPAL,f
296,Galettes de quinoa et carottes,Une savoureuse recette de Galettes de quinoa et carottes,25,45,4,Mixte,PLAT_PRINCIPAL,f
297,Gratin de quinoa aux légumes,Une savoureuse recette de Gratin de quinoa aux légumes,10,30,4,Cuisson au four,ACCOMPAGNEMENT,t
348,Börek aux épinards,Une savoureuse recette de Börek aux épinards,25,45,4,Mixte,PLAT_PRINCIPAL,f
298,Gratin dauphinois traditionnel,Une délicieuse recette française : Gratin dauphinois traditionnel,10,30,4,Cuisson au four,ACCOMPAGNEMENT,t
299,Gratin de courgettes à la menthe,Une savoureuse recette de Gratin de courgettes à la menthe,10,30,4,Cuisson au four,ACCOMPAGNEMENT,t
300,Gratin de chou-fleur à la béchamel,Une savoureuse recette de Gratin de chou-fleur à la béchamel,10,30,4,Cuisson au four,ACCOMPAGNEMENT,t
301,Gratin de brocolis au parmesan,Une savoureuse recette de Gratin de brocolis au parmesan,10,30,4,Cuisson au four,ACCOMPAGNEMENT,t
302,Tian de légumes provençal,Une savoureuse recette de Tian de légumes provençal,25,45,4,Mixte,PLAT_PRINCIPAL,f
303,Ratatouille niçoise,Une délicieuse recette française : Ratatouille niçoise,25,45,4,Mixte,PLAT_PRINCIPAL,f
304,Piperade basque,Une délicieuse recette espagnole : Piperade basque,25,45,4,Mixte,PLAT_PRINCIPAL,f
305,Poêlée de légumes du soleil,Une savoureuse recette de Poêlée de légumes du soleil,25,45,4,Poêle,PLAT_PRINCIPAL,f
306,Poêlée de champignons en persillade,Une savoureuse recette de Poêlée de champignons en persillade,25,45,4,Poêle,PLAT_PRINCIPAL,f
307,Wok de légumes sauce aigre-douce,Une délicieuse recette asiatique : Wok de légumes sauce aigre-douce,25,45,4,Mixte,PLAT_PRINCIPAL,f
308,"Légumes rôtis au four (carottes, panais, patates douces)","Une savoureuse recette de Légumes rôtis au four (carottes, panais, patates douces)",10,30,4,Cuisson au four,ACCOMPAGNEMENT,t
309,Frites de patates douces au paprika,Une savoureuse recette de Frites de patates douces au paprika,10,30,4,Poêle,ACCOMPAGNEMENT,t
310,Purée de pommes de terre maison,Une savoureuse recette de Purée de pommes de terre maison,10,30,4,Mixte,ACCOMPAGNEMENT,t
311,Purée de carottes au cumin,Une savoureuse recette de Purée de carottes au cumin,10,30,4,Mixte,ACCOMPAGNEMENT,t
312,Purée de panais à la noisette,Une savoureuse recette de Purée de panais à la noisette,10,30,4,Mixte,ACCOMPAGNEMENT,t
313,Purée de céleri-rave,Une savoureuse recette de Purée de céleri-rave,10,30,4,Mixte,ACCOMPAGNEMENT,t
314,Écrasé de pommes de terre à l'huile d'olive et ail,Une savoureuse recette de Écrasé de pommes de terre à l'huile d'olive et ail,25,45,4,Mixte,PLAT_PRINCIPAL,f
315,Pommes de terre suédoises (Hasselback),Une savoureuse recette de Pommes de terre suédoises (Hasselback),25,45,4,Mixte,PLAT_PRINCIPAL,f
316,Pommes dauphine maison,Une savoureuse recette de Pommes dauphine maison,25,45,4,Mixte,PLAT_PRINCIPAL,f
317,Aligot de l'Aubrac,Une savoureuse recette de Aligot de l'Aubrac,25,45,4,Mixte,PLAT_PRINCIPAL,f
318,Truffade auvergnate,Une savoureuse recette de Truffade auvergnate,25,45,4,Mixte,PLAT_PRINCIPAL,f
319,Poêlée de haricots verts à l'ail et persil,Une savoureuse recette de Poêlée de haricots verts à l'ail et persil,25,45,4,Poêle,PLAT_PRINCIPAL,f
320,Frites de polenta au parmesan,Une savoureuse recette de Frites de polenta au parmesan,10,30,4,Poêle,ACCOMPAGNEMENT,t
321,Polenta crémeuse,Une savoureuse recette de Polenta crémeuse,25,45,4,Mixte,PLAT_PRINCIPAL,f
322,Endives braisées au jambon,Une savoureuse recette de Endives braisées au jambon,25,120,4,Mijotage,PLAT_PRINCIPAL,f
323,Asperges vertes rôties au parmesan,Une savoureuse recette de Asperges vertes rôties au parmesan,25,45,4,Cuisson au four,PLAT_PRINCIPAL,f
324,Fondue de poireaux à la crème,Une savoureuse recette de Fondue de poireaux à la crème,20,40,6,Mixte,DESSERT,f
325,Épinards frais à la crème,Une savoureuse recette de Épinards frais à la crème,20,40,6,Mixte,DESSERT,f
326,Choux de Bruxelles rôtis au lard et sirop d'érable,Une savoureuse recette de Choux de Bruxelles rôtis au lard et sirop d'érable,25,45,4,Cuisson au four,PLAT_PRINCIPAL,f
327,Carottes glacées à l'orange,Une savoureuse recette de Carottes glacées à l'orange,25,45,4,Mixte,PLAT_PRINCIPAL,f
328,Betteraves rôties au miel et au thym,Une savoureuse recette de Betteraves rôties au miel et au thym,25,45,4,Cuisson au four,PLAT_PRINCIPAL,f
329,Fenouil braisé à l'anis,Une savoureuse recette de Fenouil braisé à l'anis,25,120,4,Mijotage,PLAT_PRINCIPAL,f
330,Riz pilaf aux amandes et raisins secs,Une savoureuse recette de Riz pilaf aux amandes et raisins secs,10,30,4,Mixte,ACCOMPAGNEMENT,t
331,Semoule aux légumes (accompagnement tajine),Une délicieuse recette orientale : Semoule aux légumes (accompagnement tajine),25,45,4,Mijotage,PLAT_PRINCIPAL,f
332,Curry de légumes thaïlandais au lait de coco,Une délicieuse recette thaïlandaise : Curry de légumes thaïlandais au lait de coco,25,45,4,Mixte,PLAT_PRINCIPAL,f
333,Palak Paneer (épinards au fromage indien),Une délicieuse recette indienne : Palak Paneer (épinards au fromage indien),25,45,4,Mixte,PLAT_PRINCIPAL,f
334,Aloo Gobi (curry de chou-fleur et pommes de terre),Une délicieuse recette indienne : Aloo Gobi (curry de chou-fleur et pommes de terre),25,45,4,Mixte,PLAT_PRINCIPAL,f
335,Chana Masala (curry de pois chiches épicé),Une délicieuse recette indienne : Chana Masala (curry de pois chiches épicé),25,45,4,Mixte,PLAT_PRINCIPAL,f
336,Baingan Bharta (caviar d'aubergine indien),Une délicieuse recette indienne : Baingan Bharta (caviar d'aubergine indien),25,45,4,Mixte,PLAT_PRINCIPAL,f
337,Samosas aux légumes,Une savoureuse recette de Samosas aux légumes,25,45,4,Mixte,PLAT_PRINCIPAL,f
338,Pakoras d'oignons (beignets indiens),Une délicieuse recette indienne : Pakoras d'oignons (beignets indiens),25,45,4,Friture,PLAT_PRINCIPAL,f
339,Caponata sicilienne,Une délicieuse recette italienne : Caponata sicilienne,25,45,4,Mixte,PLAT_PRINCIPAL,f
340,Pâtes aux brocolis et anchois,Une délicieuse recette italienne : Pâtes aux brocolis et anchois,10,30,4,Mixte,ACCOMPAGNEMENT,t
341,Risotto de petit épeautre aux champignons,Une délicieuse recette italienne : Risotto de petit épeautre aux champignons,25,45,4,Mixte,PLAT_PRINCIPAL,f
342,Galettes de sarrasin aux champignons et crème,Une savoureuse recette de Galettes de sarrasin aux champignons et crème,20,40,6,Mixte,DESSERT,f
343,Crozets en gratin au beaufort (croziflette),Une savoureuse recette de Crozets en gratin au beaufort (croziflette),10,30,4,Cuisson au four,ACCOMPAGNEMENT,t
344,Tarte au maroilles,Une savoureuse recette de Tarte au maroilles,20,40,6,Cuisson au four,DESSERT,f
345,Pissaladière niçoise,Une délicieuse recette française : Pissaladière niçoise,25,45,4,Mixte,PLAT_PRINCIPAL,f
346,Tourte aux blettes sucrée-salée,Une savoureuse recette de Tourte aux blettes sucrée-salée,25,45,4,Mixte,PLAT_PRINCIPAL,f
347,Gözleme turc aux épinards et feta,Une savoureuse recette de Gözleme turc aux épinards et feta,25,45,4,Mixte,PLAT_PRINCIPAL,f
349,Fattoush (salade libanaise au pain pita grillé),Une délicieuse recette orientale : Fattoush (salade libanaise au pain pita grillé),15,15,4,Poêle,ENTREE,f
350,"Koshari égyptien (riz, lentilles, pâtes, sauce tomate)","Une délicieuse recette italienne : Koshari égyptien (riz, lentilles, pâtes, sauce tomate)",10,30,4,Mixte,ACCOMPAGNEMENT,t
351,Mjadra (riz aux lentilles et oignons frits),Une savoureuse recette de Mjadra (riz aux lentilles et oignons frits),10,30,4,Poêle,ACCOMPAGNEMENT,t
352,"Salade Waldorf (céleri, pomme, noix)","Une savoureuse recette de Salade Waldorf (céleri, pomme, noix)",15,15,4,Sans cuisson,ENTREE,f
353,Coleslaw américain,Une délicieuse recette américaine : Coleslaw américain,25,45,4,Mixte,PLAT_PRINCIPAL,f
354,Salade de pommes de terre allemande (Kartoffelsalat),Une savoureuse recette de Salade de pommes de terre allemande (Kartoffelsalat),15,15,4,Sans cuisson,ENTREE,f
355,Salade de concombre à la danoise (Agurkesalat),Une savoureuse recette de Salade de concombre à la danoise (Agurkesalat),15,15,4,Sans cuisson,ENTREE,f
356,"Salade de betteraves crues, pomme verte et noisettes","Une savoureuse recette de Salade de betteraves crues, pomme verte et noisettes",15,0,4,Sans cuisson,ENTREE,f
357,Salade de fenouil à l'orange et aux olives noires,Une savoureuse recette de Salade de fenouil à l'orange et aux olives noires,15,15,4,Sans cuisson,ENTREE,f
358,Salade de carottes râpées au citron et cumin,Une savoureuse recette de Salade de carottes râpées au citron et cumin,15,15,4,Sans cuisson,ENTREE,f
359,Salade de chou rouge aux pommes et aux noix,Une savoureuse recette de Salade de chou rouge aux pommes et aux noix,15,15,4,Sans cuisson,ENTREE,f
360,"Salade de pâtes grecque (feta, olives, concombre)","Une délicieuse recette italienne : Salade de pâtes grecque (feta, olives, concombre)",15,15,4,Sans cuisson,ENTREE,f
361,"Salade de lentilles corail, carottes et coco","Une savoureuse recette de Salade de lentilles corail, carottes et coco",15,15,4,Sans cuisson,ENTREE,f
362,Taboulé de chou-fleur,Une savoureuse recette de Taboulé de chou-fleur,25,45,4,Mixte,PLAT_PRINCIPAL,f
363,"Salade d'endives, noix et roquefort","Une savoureuse recette de Salade d'endives, noix et roquefort",15,15,4,Sans cuisson,ENTREE,f
364,"Salade lyonnaise (lardons, croûtons, œuf poché)","Une délicieuse recette française : Salade lyonnaise (lardons, croûtons, œuf poché)",15,15,4,Sans cuisson,ENTREE,f
365,"Salade landaise (gésiers, magret fumé)","Une délicieuse recette française : Salade landaise (gésiers, magret fumé)",15,15,4,Sans cuisson,ENTREE,f
366,"Salade de haricots verts, tomates et oignons","Une savoureuse recette de Salade de haricots verts, tomates et oignons",15,15,4,Sans cuisson,ENTREE,f
367,Ajo Blanco (soupe froide d'amandes espagnole),Une délicieuse recette espagnole : Ajo Blanco (soupe froide d'amandes espagnole),15,15,4,Mixte,ENTREE,f
368,Vichyssoise (soupe froide poireaux-pommes de terre),Une savoureuse recette de Vichyssoise (soupe froide poireaux-pommes de terre),15,15,4,Mixte,ENTREE,f
369,Soupe froide de melon à la menthe et au porto,Une savoureuse recette de Soupe froide de melon à la menthe et au porto,15,15,4,Mixte,ENTREE,f
370,Okroshka (soupe froide russe au kvas),Une savoureuse recette de Okroshka (soupe froide russe au kvas),15,15,4,Mixte,ENTREE,f
371,Salade de poulpe et pommes de terre,Une savoureuse recette de Salade de poulpe et pommes de terre,15,15,4,Sans cuisson,ENTREE,f
372,"Burger de bœuf classique, cheddar et bacon","Une délicieuse recette américaine : Burger de bœuf classique, cheddar et bacon",25,45,4,Mixte,PLAT_PRINCIPAL,f
373,Burger de poulet croustillant,Une délicieuse recette américaine : Burger de poulet croustillant,25,45,4,Mixte,PLAT_PRINCIPAL,f
374,Burger végétarien aux haricots noirs,Une délicieuse recette américaine : Burger végétarien aux haricots noirs,25,45,4,Mixte,PLAT_PRINCIPAL,f
375,Hot-dog new-yorkais,Une délicieuse recette américaine : Hot-dog new-yorkais,25,45,4,Mixte,PLAT_PRINCIPAL,f
376,Sandwich Club au poulet et bacon,Une savoureuse recette de Sandwich Club au poulet et bacon,25,45,4,Mixte,PLAT_PRINCIPAL,f
377,"Sandwich Reuben (pastrami, choucroute)","Une savoureuse recette de Sandwich Reuben (pastrami, choucroute)",25,45,4,Mixte,PLAT_PRINCIPAL,f
378,Pan Bagnat niçois,Une délicieuse recette française : Pan Bagnat niçois,25,45,4,Mixte,PLAT_PRINCIPAL,f
379,Croque-Monsieur,Une savoureuse recette de Croque-Monsieur,25,45,4,Mixte,PLAT_PRINCIPAL,f
380,Croque-Madame,Une savoureuse recette de Croque-Madame,25,45,4,Mixte,PLAT_PRINCIPAL,f
381,Welsh rarebit,Une savoureuse recette de Welsh rarebit,25,45,4,Mixte,PLAT_PRINCIPAL,f
382,"Kebab maison (pain pita, viande grillée, sauce blanche)","Une délicieuse recette orientale : Kebab maison (pain pita, viande grillée, sauce blanche)",25,45,4,Poêle,PLAT_PRINCIPAL,f
383,Gyros grec au porc,Une savoureuse recette de Gyros grec au porc,25,45,4,Mixte,PLAT_PRINCIPAL,f
384,Wrap au poulet César,Une savoureuse recette de Wrap au poulet César,25,45,4,Mixte,PLAT_PRINCIPAL,f
385,"Wrap au houmous, falafels et crudités","Une délicieuse recette orientale : Wrap au houmous, falafels et crudités",25,0,4,Sans cuisson,PLAT_PRINCIPAL,f
386,Bagel au saumon fumé et cream cheese,Une savoureuse recette de Bagel au saumon fumé et cream cheese,25,45,4,Mixte,PLAT_PRINCIPAL,f
387,"Focaccia garnie (jambon de parme, roquette, mozzarella)","Une savoureuse recette de Focaccia garnie (jambon de parme, roquette, mozzarella)",25,45,4,Mixte,PLAT_PRINCIPAL,f
388,Arepas vénézuéliennes,Une savoureuse recette de Arepas vénézuéliennes,25,45,4,Mixte,PLAT_PRINCIPAL,f
389,Empanadas argentines à la viande,Une savoureuse recette de Empanadas argentines à la viande,25,45,4,Mixte,PLAT_PRINCIPAL,f
390,Tacos al pastor mexicains,Une délicieuse recette mexicaine : Tacos al pastor mexicains,25,45,4,Mixte,PLAT_PRINCIPAL,f
391,Quesadillas au fromage et poulet,Une délicieuse recette mexicaine : Quesadillas au fromage et poulet,25,45,4,Mixte,PLAT_PRINCIPAL,f
392,Ramen japonais au porc chashu,Une délicieuse recette japonaise : Ramen japonais au porc chashu,25,45,4,Mixte,PLAT_PRINCIPAL,f
393,Udon sauté au bœuf,Une délicieuse recette asiatique : Udon sauté au bœuf,25,45,4,Poêle,PLAT_PRINCIPAL,f
394,Soba froides et leur sauce tsuyu,Une délicieuse recette japonaise : Soba froides et leur sauce tsuyu,25,45,4,Mixte,PLAT_PRINCIPAL,f
395,Yaki Soba (nouilles sautées japonaises),Une délicieuse recette asiatique : Yaki Soba (nouilles sautées japonaises),25,45,4,Poêle,PLAT_PRINCIPAL,f
396,Riz cantonais,Une délicieuse recette chinoise : Riz cantonais,10,30,4,Mixte,ACCOMPAGNEMENT,t
397,Nasi Goreng indonésien,Une savoureuse recette de Nasi Goreng indonésien,25,45,4,Mixte,PLAT_PRINCIPAL,f
398,Riz sauté thaï à l'ananas et aux crevettes,Une délicieuse recette asiatique : Riz sauté thaï à l'ananas et aux crevettes,10,30,4,Poêle,ACCOMPAGNEMENT,t
399,Dan Dan noodles sichuanaises,Une délicieuse recette chinoise : Dan Dan noodles sichuanaises,25,45,4,Mixte,PLAT_PRINCIPAL,f
400,Nouilles sautées au poulet et légumes,Une délicieuse recette asiatique : Nouilles sautées au poulet et légumes,25,45,4,Poêle,PLAT_PRINCIPAL,f
401,Japchae (nouilles de patate douce coréennes),Une savoureuse recette de Japchae (nouilles de patate douce coréennes),25,45,4,Mixte,PLAT_PRINCIPAL,f
402,Soupe de nouilles wonton,Une savoureuse recette de Soupe de nouilles wonton,15,15,4,Mixte,ENTREE,f
403,Laksa de Singapour (soupe de nouilles épicée),Une savoureuse recette de Laksa de Singapour (soupe de nouilles épicée),15,15,4,Mixte,ENTREE,f
404,Poulet katsu curry japonais,Une délicieuse recette japonaise : Poulet katsu curry japonais,25,45,4,Mixte,PLAT_PRINCIPAL,f
405,Oyakodon (bol de riz au poulet et à l'œuf),Une savoureuse recette de Oyakodon (bol de riz au poulet et à l'œuf),25,45,4,Mixte,PLAT_PRINCIPAL,f
406,Katsudon (bol de riz au porc pané),Une délicieuse recette japonaise : Katsudon (bol de riz au porc pané),25,45,4,Mixte,PLAT_PRINCIPAL,f
407,Onigiri japonais (boules de riz farcies),Une délicieuse recette japonaise : Onigiri japonais (boules de riz farcies),10,30,4,Mixte,ACCOMPAGNEMENT,t
408,Congee de riz (porridge de riz salé),Une savoureuse recette de Congee de riz (porridge de riz salé),10,30,4,Mixte,ACCOMPAGNEMENT,t
409,Riz gluant à la mangue thaïlandais,Une délicieuse recette thaïlandaise : Riz gluant à la mangue thaïlandais,10,30,4,Mixte,ACCOMPAGNEMENT,t
410,Kimchi Jjigae (ragoût de kimchi coréen),Une savoureuse recette de Kimchi Jjigae (ragoût de kimchi coréen),25,45,4,Mijotage,PLAT_PRINCIPAL,f
411,Tteokbokki (gâteaux de riz épicés coréens),Une savoureuse recette de Tteokbokki (gâteaux de riz épicés coréens),20,40,6,Cuisson au four,DESSERT,f
412,Crème brûlée à la vanille,Une savoureuse recette de Crème brûlée à la vanille,20,40,6,Mixte,DESSERT,f
413,Mousse au chocolat noir,Une savoureuse recette de Mousse au chocolat noir,20,40,6,Mixte,DESSERT,f
414,Île flottante et sa crème anglaise,Une savoureuse recette de Île flottante et sa crème anglaise,20,40,6,Mixte,DESSERT,f
415,Profiteroles au chocolat chaud,Une savoureuse recette de Profiteroles au chocolat chaud,25,45,4,Mixte,PLAT_PRINCIPAL,f
416,Tarte Tatin aux pommes,Une savoureuse recette de Tarte Tatin aux pommes,20,40,6,Cuisson au four,DESSERT,f
417,Tarte au citron meringuée,Une savoureuse recette de Tarte au citron meringuée,20,40,6,Cuisson au four,DESSERT,f
418,Tarte Bourdaloue (poires et amandes),Une savoureuse recette de Tarte Bourdaloue (poires et amandes),20,40,6,Cuisson au four,DESSERT,f
419,Clafoutis aux cerises,Une savoureuse recette de Clafoutis aux cerises,25,45,4,Mixte,PLAT_PRINCIPAL,f
420,Far breton aux pruneaux,Une délicieuse recette française : Far breton aux pruneaux,25,45,4,Mixte,PLAT_PRINCIPAL,f
421,Canelés de Bordeaux,Une savoureuse recette de Canelés de Bordeaux,25,45,4,Mixte,PLAT_PRINCIPAL,f
422,"Macarons parisiens (pistache, chocolat, framboise)","Une délicieuse recette française : Macarons parisiens (pistache, chocolat, framboise)",25,45,4,Mixte,PLAT_PRINCIPAL,f
423,"Paris-Brest (pâte à choux, crème pralinée)","Une savoureuse recette de Paris-Brest (pâte à choux, crème pralinée)",20,40,6,Mixte,DESSERT,f
424,Éclair au café ou au chocolat,Une savoureuse recette de Éclair au café ou au chocolat,25,45,4,Mixte,PLAT_PRINCIPAL,f
425,Religieuse au chocolat,Une savoureuse recette de Religieuse au chocolat,25,45,4,Mixte,PLAT_PRINCIPAL,f
426,Saint-Honoré,Une savoureuse recette de Saint-Honoré,25,45,4,Mixte,PLAT_PRINCIPAL,f
427,Fraisier,Une savoureuse recette de Fraisier,25,45,4,Mixte,PLAT_PRINCIPAL,f
428,Opéra,Une savoureuse recette de Opéra,25,45,4,Mixte,PLAT_PRINCIPAL,f
429,Mille-feuille,Une savoureuse recette de Mille-feuille,25,45,4,Mixte,PLAT_PRINCIPAL,f
430,Soufflé au Grand Marnier,Une savoureuse recette de Soufflé au Grand Marnier,25,45,4,Mixte,PLAT_PRINCIPAL,f
431,Riz au lait à la vanille,Une savoureuse recette de Riz au lait à la vanille,10,30,4,Mixte,ACCOMPAGNEMENT,t
432,Tiramisu classique au café,Une délicieuse recette italienne : Tiramisu classique au café,20,40,6,Mixte,DESSERT,f
433,Panna Cotta et son coulis de fruits rouges,Une délicieuse recette italienne : Panna Cotta et son coulis de fruits rouges,25,45,4,Mixte,PLAT_PRINCIPAL,f
434,Tiramisu aux fraises,Une délicieuse recette italienne : Tiramisu aux fraises,20,40,6,Mixte,DESSERT,f
435,Panna Cotta au caramel beurre salé,Une délicieuse recette italienne : Panna Cotta au caramel beurre salé,25,45,4,Mixte,PLAT_PRINCIPAL,f
436,Zabaione au Marsala,Une savoureuse recette de Zabaione au Marsala,25,45,4,Mixte,PLAT_PRINCIPAL,f
437,Cannoli siciliens à la ricotta,Une délicieuse recette italienne : Cannoli siciliens à la ricotta,25,45,4,Mixte,PLAT_PRINCIPAL,f
438,Torta della nonna (tarte à la crème pâtissière et pignons),Une savoureuse recette de Torta della nonna (tarte à la crème pâtissière et pignons),20,40,6,Cuisson au four,DESSERT,f
439,Torta caprese (gâteau au chocolat et amandes),Une savoureuse recette de Torta caprese (gâteau au chocolat et amandes),20,40,6,Cuisson au four,DESSERT,f
440,Semifreddo au nougat,Une savoureuse recette de Semifreddo au nougat,25,45,4,Mixte,PLAT_PRINCIPAL,f
441,Gelato à la pistache maison,Une savoureuse recette de Gelato à la pistache maison,25,45,4,Mixte,PLAT_PRINCIPAL,f
442,Affogato (glace vanille noyée dans un expresso),Une savoureuse recette de Affogato (glace vanille noyée dans un expresso),10,20,6,Mixte,DESSERT,f
443,Panettone (version maison),Une savoureuse recette de Panettone (version maison),25,45,4,Mixte,PLAT_PRINCIPAL,f
444,Cantucci (croquants aux amandes),Une savoureuse recette de Cantucci (croquants aux amandes),25,45,4,Mixte,PLAT_PRINCIPAL,f
445,Bonet piémontais (flan au chocolat et amaretti),Une savoureuse recette de Bonet piémontais (flan au chocolat et amaretti),25,45,4,Mixte,PLAT_PRINCIPAL,f
446,Pêches au vin,Une savoureuse recette de Pêches au vin,25,45,4,Mixte,PLAT_PRINCIPAL,f
447,Sbrisolona (gâteau friable aux amandes),Une savoureuse recette de Sbrisolona (gâteau friable aux amandes),20,40,6,Cuisson au four,DESSERT,f
448,Crostata à la confiture d'abricots,Une savoureuse recette de Crostata à la confiture d'abricots,25,120,4,Mixte,PLAT_PRINCIPAL,f
449,Salame al cioccolato (saucisson au chocolat),Une savoureuse recette de Salame al cioccolato (saucisson au chocolat),25,45,4,Mixte,PLAT_PRINCIPAL,f
450,Sfogliatelle napolitaines,Une délicieuse recette italienne : Sfogliatelle napolitaines,25,45,4,Mixte,PLAT_PRINCIPAL,f
451,Pastiera napolitaine,Une délicieuse recette italienne : Pastiera napolitaine,25,45,4,Mixte,PLAT_PRINCIPAL,f
452,Cheesecake new-yorkais,Une délicieuse recette américaine : Cheesecake new-yorkais,20,40,6,Cuisson au four,DESSERT,f
453,Brownie au chocolat et noix de pécan,Une savoureuse recette de Brownie au chocolat et noix de pécan,20,40,6,Mixte,DESSERT,f
454,Cookies aux pépites de chocolat,Une savoureuse recette de Cookies aux pépites de chocolat,20,40,6,Mixte,DESSERT,f
455,Apple pie américaine,Une délicieuse recette américaine : Apple pie américaine,25,45,4,Mixte,PLAT_PRINCIPAL,f
456,Pumpkin pie (tarte à la citrouille),Une savoureuse recette de Pumpkin pie (tarte à la citrouille),20,40,6,Cuisson au four,DESSERT,f
457,Pecan pie (tarte aux noix de pécan),Une savoureuse recette de Pecan pie (tarte aux noix de pécan),20,40,6,Cuisson au four,DESSERT,f
458,Carrot cake et son glaçage au cream cheese,Une savoureuse recette de Carrot cake et son glaçage au cream cheese,20,40,6,Cuisson au four,DESSERT,f
459,Red velvet cake,Une savoureuse recette de Red velvet cake,20,40,6,Cuisson au four,DESSERT,f
460,Muffins aux myrtilles,Une savoureuse recette de Muffins aux myrtilles,20,40,6,Mixte,DESSERT,f
461,Cupcakes à la vanille et glaçage,Une savoureuse recette de Cupcakes à la vanille et glaçage,20,40,6,Cuisson au four,DESSERT,f
462,Banana bread,Une savoureuse recette de Banana bread,25,45,4,Mixte,PLAT_PRINCIPAL,f
463,Key lime pie (tarte au citron vert),Une savoureuse recette de Key lime pie (tarte au citron vert),20,40,6,Cuisson au four,DESSERT,f
464,Crumble aux pommes et à la cannelle,Une savoureuse recette de Crumble aux pommes et à la cannelle,25,0,4,Sans cuisson,PLAT_PRINCIPAL,f
465,Sticky toffee pudding,Une savoureuse recette de Sticky toffee pudding,20,40,6,Mixte,DESSERT,f
466,"Eton mess (meringue, fraises, crème)","Une savoureuse recette de Eton mess (meringue, fraises, crème)",20,40,6,Mixte,DESSERT,f
467,"Scones britanniques, clotted cream et confiture","Une savoureuse recette de Scones britanniques, clotted cream et confiture",25,120,4,Mixte,PLAT_PRINCIPAL,f
468,Trifle anglais,Une savoureuse recette de Trifle anglais,25,45,4,Mixte,PLAT_PRINCIPAL,f
469,Banoffee pie,Une savoureuse recette de Banoffee pie,25,45,4,Mixte,PLAT_PRINCIPAL,f
470,Bread and butter pudding,Une savoureuse recette de Bread and butter pudding,20,40,6,Mixte,DESSERT,f
471,Shortbread écossais,Une savoureuse recette de Shortbread écossais,25,45,4,Mixte,PLAT_PRINCIPAL,f
472,Forêt-Noire allemande (Schwarzwälder Kirschtorte),Une savoureuse recette de Forêt-Noire allemande (Schwarzwälder Kirschtorte),25,45,4,Mixte,PLAT_PRINCIPAL,f
473,Apfelstrudel autrichien,Une savoureuse recette de Apfelstrudel autrichien,25,45,4,Mixte,PLAT_PRINCIPAL,f
474,Sacher Torte viennoise,Une savoureuse recette de Sacher Torte viennoise,25,45,4,Mixte,PLAT_PRINCIPAL,f
475,Linzer Torte,Une savoureuse recette de Linzer Torte,25,45,4,Mixte,PLAT_PRINCIPAL,f
476,Churros espagnols et leur chocolat chaud,Une délicieuse recette espagnole : Churros espagnols et leur chocolat chaud,25,45,4,Friture,PLAT_PRINCIPAL,f
477,Crème catalane,Une délicieuse recette espagnole : Crème catalane,20,40,6,Mixte,DESSERT,f
478,Tarta de Santiago (gâteau aux amandes),Une savoureuse recette de Tarta de Santiago (gâteau aux amandes),20,40,6,Cuisson au four,DESSERT,f
479,Leche frita (lait frit),Une savoureuse recette de Leche frita (lait frit),25,45,4,Poêle,PLAT_PRINCIPAL,f
480,Pastel de nata portugais,Une savoureuse recette de Pastel de nata portugais,25,45,4,Mixte,PLAT_PRINCIPAL,f
481,Gâteau basque à la crème ou à la cerise,Une délicieuse recette espagnole : Gâteau basque à la crème ou à la cerise,20,40,6,Cuisson au four,DESSERT,f
482,Loukoumades grecs (beignets au miel),Une savoureuse recette de Loukoumades grecs (beignets au miel),25,45,4,Friture,PLAT_PRINCIPAL,f
483,Baklava,Une savoureuse recette de Baklava,25,45,4,Mixte,PLAT_PRINCIPAL,f
484,Halva,Une savoureuse recette de Halva,25,45,4,Mixte,PLAT_PRINCIPAL,f
485,Basboussa (gâteau de semoule),Une savoureuse recette de Basboussa (gâteau de semoule),20,40,6,Cuisson au four,DESSERT,f
486,Cornes de gazelle marocaines,Une délicieuse recette orientale : Cornes de gazelle marocaines,25,45,4,Mixte,PLAT_PRINCIPAL,f
487,Mochi japonais,Une délicieuse recette japonaise : Mochi japonais,25,45,4,Mixte,PLAT_PRINCIPAL,f
488,Dorayaki (pancakes japonais fourrés),Une délicieuse recette japonaise : Dorayaki (pancakes japonais fourrés),20,40,6,Cuisson au four,DESSERT,f
489,Gâteau de lune chinois,Une délicieuse recette chinoise : Gâteau de lune chinois,20,40,6,Cuisson au four,DESSERT,f
490,Alfajores argentins,Une savoureuse recette de Alfajores argentins,25,45,4,Mixte,PLAT_PRINCIPAL,f
491,Brigadeiros brésiliens,Une savoureuse recette de Brigadeiros brésiliens,25,45,4,Mixte,PLAT_PRINCIPAL,f
492,Salade de fruits frais de saison,Une savoureuse recette de Salade de fruits frais de saison,15,15,4,Sans cuisson,ENTREE,f
493,Carpaccio d'ananas à la menthe et au citron vert,Une savoureuse recette de Carpaccio d'ananas à la menthe et au citron vert,25,0,4,Sans cuisson,PLAT_PRINCIPAL,f
494,Fraises au sucre et jus de citron,Une savoureuse recette de Fraises au sucre et jus de citron,25,45,4,Mixte,PLAT_PRINCIPAL,f
495,Soupe de fraises à la menthe,Une savoureuse recette de Soupe de fraises à la menthe,15,15,4,Mixte,ENTREE,f
496,Poires Belle-Hélène,Une savoureuse recette de Poires Belle-Hélène,25,45,4,Mixte,PLAT_PRINCIPAL,f
497,Pêches Melba,Une savoureuse recette de Pêches Melba,25,45,4,Mixte,PLAT_PRINCIPAL,f
498,"Pommes au four, miel et cannelle","Une savoureuse recette de Pommes au four, miel et cannelle",25,45,4,Cuisson au four,PLAT_PRINCIPAL,f
499,Bananes flambées au rhum,Une savoureuse recette de Bananes flambées au rhum,25,45,4,Mixte,PLAT_PRINCIPAL,f
500,Salade d'oranges à la cannelle,Une savoureuse recette de Salade d'oranges à la cannelle,15,15,4,Sans cuisson,ENTREE,f
501,Gratin de fruits rouges,Une savoureuse recette de Gratin de fruits rouges,10,30,4,Cuisson au four,ACCOMPAGNEMENT,t
502,Tarte fine aux pommes sur pâte feuilletée,Une savoureuse recette de Tarte fine aux pommes sur pâte feuilletée,20,40,6,Cuisson au four,DESSERT,f
503,Compote de pommes maison sans sucre ajouté,Une savoureuse recette de Compote de pommes maison sans sucre ajouté,20,40,6,Mixte,DESSERT,f
504,Crumble aux fruits rouges et flocons d'avoine,Une savoureuse recette de Crumble aux fruits rouges et flocons d'avoine,25,0,4,Sans cuisson,PLAT_PRINCIPAL,f
505,"Sorbet maison (citron, framboise)","Une savoureuse recette de Sorbet maison (citron, framboise)",20,40,6,Mixte,DESSERT,f
506,Nice cream (glace à la banane congelée),Une savoureuse recette de Nice cream (glace à la banane congelée),20,40,6,Mixte,DESSERT,f
507,Energy balls aux dattes et noix de cajou,Une savoureuse recette de Energy balls aux dattes et noix de cajou,25,45,4,Mixte,PLAT_PRINCIPAL,f
508,Barres de céréales maison,Une savoureuse recette de Barres de céréales maison,25,45,4,Mixte,PLAT_PRINCIPAL,f
509,Yaourt glacé (frozen yogurt) aux fruits,Une savoureuse recette de Yaourt glacé (frozen yogurt) aux fruits,25,45,4,Mixte,PLAT_PRINCIPAL,f
510,Mousse d'avocat au cacao,Une savoureuse recette de Mousse d'avocat au cacao,20,40,6,Mixte,DESSERT,f
511,Pommes en tranches et beurre de cacahuètes,Une savoureuse recette de Pommes en tranches et beurre de cacahuètes,25,45,4,Mixte,PLAT_PRINCIPAL,f
512,Baguette tradition française,Une délicieuse recette française : Baguette tradition française,25,45,4,Mixte,PLAT_PRINCIPAL,f
513,Pain de campagne au levain,Une savoureuse recette de Pain de campagne au levain,25,45,4,Mixte,PLAT_PRINCIPAL,f
514,Pain complet maison,Une savoureuse recette de Pain complet maison,25,45,4,Mixte,PLAT_PRINCIPAL,f
515,Pain aux céréales,Une savoureuse recette de Pain aux céréales,25,45,4,Mixte,PLAT_PRINCIPAL,f
516,Pain de seigle,Une savoureuse recette de Pain de seigle,25,45,4,Mixte,PLAT_PRINCIPAL,f
517,Pain de mie maison,Une savoureuse recette de Pain de mie maison,25,45,4,Mixte,PLAT_PRINCIPAL,f
518,Pains à burger (buns),Une délicieuse recette américaine : Pains à burger (buns),25,45,4,Mixte,PLAT_PRINCIPAL,f
519,Pains pita,Une savoureuse recette de Pains pita,25,45,4,Mixte,PLAT_PRINCIPAL,f
520,Naans indiens au fromage,Une délicieuse recette indienne : Naans indiens au fromage,25,45,4,Mixte,PLAT_PRINCIPAL,f
521,Chapatis,Une délicieuse recette indienne : Chapatis,25,45,4,Mixte,PLAT_PRINCIPAL,f
522,Pain à la semoule (khobz),Une savoureuse recette de Pain à la semoule (khobz),25,45,4,Mixte,PLAT_PRINCIPAL,f
523,Bretzels alsaciens,Une délicieuse recette française : Bretzels alsaciens,25,45,4,Mixte,PLAT_PRINCIPAL,f
524,Ciabatta italienne,Une délicieuse recette italienne : Ciabatta italienne,25,45,4,Mixte,PLAT_PRINCIPAL,f
525,Pain brioché,Une savoureuse recette de Pain brioché,25,45,4,Mixte,PLAT_PRINCIPAL,f
526,Croissants au beurre,Une savoureuse recette de Croissants au beurre,25,45,4,Mixte,PLAT_PRINCIPAL,f
527,Pains au chocolat,Une savoureuse recette de Pains au chocolat,25,45,4,Mixte,PLAT_PRINCIPAL,f
528,Pains aux raisins,Une savoureuse recette de Pains aux raisins,25,45,4,Mixte,PLAT_PRINCIPAL,f
529,Brioche tressée,Une savoureuse recette de Brioche tressée,25,45,4,Mixte,PLAT_PRINCIPAL,f
530,Kouglof alsacien,Une délicieuse recette française : Kouglof alsacien,25,45,4,Mixte,PLAT_PRINCIPAL,f
531,Chinois (gâteau brioché à la crème),Une délicieuse recette chinoise : Chinois (gâteau brioché à la crème),20,40,6,Cuisson au four,DESSERT,f
532,Baeckeoffe alsacien,Une délicieuse recette française : Baeckeoffe alsacien,25,45,4,Mixte,PLAT_PRINCIPAL,f
533,Tripes à la mode de Caen,Une savoureuse recette de Tripes à la mode de Caen,25,45,4,Mixte,PLAT_PRINCIPAL,f
534,Potjevleesch flamand,Une savoureuse recette de Potjevleesch flamand,25,45,4,Mixte,PLAT_PRINCIPAL,f
535,Axoa de veau basque,Une délicieuse recette espagnole : Axoa de veau basque,25,45,4,Mixte,PLAT_PRINCIPAL,f
536,Daube niçoise,Une délicieuse recette française : Daube niçoise,25,45,4,Mijotage,PLAT_PRINCIPAL,f
537,Pieds paquets marseillais,Une savoureuse recette de Pieds paquets marseillais,25,45,4,Mixte,PLAT_PRINCIPAL,f
538,Alouettes sans tête provençales,Une savoureuse recette de Alouettes sans tête provençales,25,45,4,Mixte,PLAT_PRINCIPAL,f
539,Fricassée de volaille à l'angevine,Une savoureuse recette de Fricassée de volaille à l'angevine,25,45,4,Mixte,PLAT_PRINCIPAL,f
540,Poule au pot,Une savoureuse recette de Poule au pot,25,45,4,Mixte,PLAT_PRINCIPAL,f
541,Coquilles Saint-Jacques à la bretonne,Une délicieuse recette française : Coquilles Saint-Jacques à la bretonne,25,45,4,Mixte,PLAT_PRINCIPAL,f
542,Cotriade bretonne,Une délicieuse recette française : Cotriade bretonne,25,45,4,Mixte,PLAT_PRINCIPAL,f
543,Matelote d'anguille,Une savoureuse recette de Matelote d'anguille,25,45,4,Mixte,PLAT_PRINCIPAL,f
544,Lamproie à la bordelaise,Une savoureuse recette de Lamproie à la bordelaise,25,45,4,Mixte,PLAT_PRINCIPAL,f
545,Ttoro (soupe de poisson basque),Une délicieuse recette espagnole : Ttoro (soupe de poisson basque),15,15,4,Mixte,ENTREE,f
546,Morue à la lyonnaise,Une délicieuse recette française : Morue à la lyonnaise,25,45,4,Mixte,PLAT_PRINCIPAL,f
547,Quenelles de brochet sauce Nantua,Une savoureuse recette de Quenelles de brochet sauce Nantua,25,45,4,Mixte,PLAT_PRINCIPAL,f
548,Grenouilles en persillade,Une savoureuse recette de Grenouilles en persillade,25,45,4,Mixte,PLAT_PRINCIPAL,f
549,Fricassée d'escargots,Une savoureuse recette de Fricassée d'escargots,25,45,4,Mixte,PLAT_PRINCIPAL,f
550,Caillettes ardéchoises,Une savoureuse recette de Caillettes ardéchoises,25,45,4,Mixte,PLAT_PRINCIPAL,f
551,Diots de Savoie au vin blanc,Une savoureuse recette de Diots de Savoie au vin blanc,25,45,4,Mixte,PLAT_PRINCIPAL,f
552,Pounti auvergnat,Une savoureuse recette de Pounti auvergnat,25,45,4,Mixte,PLAT_PRINCIPAL,f
553,Farçous aveyronnais,Une savoureuse recette de Farçous aveyronnais,25,45,4,Mixte,PLAT_PRINCIPAL,f
554,Crique ardéchoise (galette de pommes de terre),Une savoureuse recette de Crique ardéchoise (galette de pommes de terre),25,45,4,Mixte,PLAT_PRINCIPAL,f
555,Cardons à la moelle lyonnais,Une délicieuse recette française : Cardons à la moelle lyonnais,25,45,4,Mixte,PLAT_PRINCIPAL,f
556,Gratin de cardons,Une savoureuse recette de Gratin de cardons,10,30,4,Cuisson au four,ACCOMPAGNEMENT,t
557,Salade de pissenlits aux lardons,Une savoureuse recette de Salade de pissenlits aux lardons,15,15,4,Sans cuisson,ENTREE,f
558,Tarte à l'oignon alsacienne,Une délicieuse recette française : Tarte à l'oignon alsacienne,20,40,6,Cuisson au four,DESSERT,f
559,Salsifis à la crème,Une savoureuse recette de Salsifis à la crème,20,40,6,Mixte,DESSERT,f
560,Poêlée de cèpes à la bordelaise,Une savoureuse recette de Poêlée de cèpes à la bordelaise,25,45,4,Poêle,PLAT_PRINCIPAL,f
561,Farcis niçois,Une délicieuse recette française : Farcis niçois,25,45,4,Mixte,PLAT_PRINCIPAL,f
562,Pan bagnat (le vrai),Une savoureuse recette de Pan bagnat (le vrai),25,45,4,Mixte,PLAT_PRINCIPAL,f
563,Soupe au pistou,Une savoureuse recette de Soupe au pistou,15,15,4,Mixte,ENTREE,f
564,Tourton des Alpes,Une savoureuse recette de Tourton des Alpes,25,45,4,Mixte,PLAT_PRINCIPAL,f
565,Oreilles d'âne du Valgaudemar (gratin d'épinards),Une savoureuse recette de Oreilles d'âne du Valgaudemar (gratin d'épinards),10,30,4,Cuisson au four,ACCOMPAGNEMENT,t
566,Pôchouse de Verdun-sur-le-Doubs (version légumes),Une savoureuse recette de Pôchouse de Verdun-sur-le-Doubs (version légumes),25,45,4,Mixte,PLAT_PRINCIPAL,f
567,Pâté de pommes de terre du Limousin,Une savoureuse recette de Pâté de pommes de terre du Limousin,25,45,4,Mixte,PLAT_PRINCIPAL,f
568,Flaugnarde aux pommes,Une savoureuse recette de Flaugnarde aux pommes,25,45,4,Mixte,PLAT_PRINCIPAL,f
569,Millassou (galette de pomme de terre),Une savoureuse recette de Millassou (galette de pomme de terre),25,45,4,Mixte,PLAT_PRINCIPAL,f
570,Escargots de Bourgogne,Une savoureuse recette de Escargots de Bourgogne,25,45,4,Mixte,PLAT_PRINCIPAL,f
571,Lentilles vertes du Berry en salade,Une savoureuse recette de Lentilles vertes du Berry en salade,15,15,4,Sans cuisson,ENTREE,f
572,Ceviche péruvien,Une savoureuse recette de Ceviche péruvien,25,45,4,Sans cuisson,PLAT_PRINCIPAL,f
573,Lomo saltado (sauté de bœuf péruvien),Une délicieuse recette asiatique : Lomo saltado (sauté de bœuf péruvien),25,45,4,Poêle,PLAT_PRINCIPAL,f
574,Aji de gallina (poulet en sauce pimentée),Une savoureuse recette de Aji de gallina (poulet en sauce pimentée),25,45,4,Mixte,PLAT_PRINCIPAL,f
575,Feijoada brésilienne,Une savoureuse recette de Feijoada brésilienne,25,45,4,Mixte,PLAT_PRINCIPAL,f
576,Pão de queijo (pains au fromage brésiliens),Une savoureuse recette de Pão de queijo (pains au fromage brésiliens),25,45,4,Mixte,PLAT_PRINCIPAL,f
577,Moqueca de peixe (ragoût de poisson brésilien),Une savoureuse recette de Moqueca de peixe (ragoût de poisson brésilien),25,45,4,Mijotage,PLAT_PRINCIPAL,f
578,Ropa vieja cubaine (bœuf effiloché),Une savoureuse recette de Ropa vieja cubaine (bœuf effiloché),25,45,4,Mixte,PLAT_PRINCIPAL,f
579,Picadillo,Une savoureuse recette de Picadillo,25,45,4,Mixte,PLAT_PRINCIPAL,f
580,Arroz con pollo,Une savoureuse recette de Arroz con pollo,25,45,4,Mixte,PLAT_PRINCIPAL,f
581,Sancocho (soupe colombienne),Une savoureuse recette de Sancocho (soupe colombienne),15,15,4,Mixte,ENTREE,f
582,Bandeja paisa (plat complet colombien),Une savoureuse recette de Bandeja paisa (plat complet colombien),25,45,4,Mixte,PLAT_PRINCIPAL,f
583,Chiles rellenos (piments farcis mexicains),Une délicieuse recette mexicaine : Chiles rellenos (piments farcis mexicains),25,45,4,Mixte,PLAT_PRINCIPAL,f
584,Mole poblano,Une délicieuse recette mexicaine : Mole poblano,25,45,4,Mixte,PLAT_PRINCIPAL,f
585,Cochinita pibil,Une savoureuse recette de Cochinita pibil,25,45,4,Mixte,PLAT_PRINCIPAL,f
586,Pozole (soupe mexicaine),Une délicieuse recette mexicaine : Pozole (soupe mexicaine),15,15,4,Mixte,ENTREE,f
587,Tamales,Une savoureuse recette de Tamales,25,45,4,Mixte,PLAT_PRINCIPAL,f
588,Pastel de choclo (gâteau de maïs chilien),Une délicieuse recette mexicaine : Pastel de choclo (gâteau de maïs chilien),20,40,6,Cuisson au four,DESSERT,f
589,Humitas,Une savoureuse recette de Humitas,25,45,4,Mixte,PLAT_PRINCIPAL,f
590,Gallo pinto (riz et haricots du Costa Rica),Une savoureuse recette de Gallo pinto (riz et haricots du Costa Rica),10,30,4,Mixte,ACCOMPAGNEMENT,t
591,Patacones (bananes plantain frites),Une savoureuse recette de Patacones (bananes plantain frites),10,30,4,Poêle,ACCOMPAGNEMENT,t
592,Tajine de poulet aux citrons confits et olives,Une délicieuse recette orientale : Tajine de poulet aux citrons confits et olives,25,120,4,Mijotage,PLAT_PRINCIPAL,f
593,Tajine de kefta aux œufs,Une délicieuse recette orientale : Tajine de kefta aux œufs,25,45,4,Mijotage,PLAT_PRINCIPAL,f
594,"Couscous royal (sept légumes, différentes viandes)","Une délicieuse recette orientale : Couscous royal (sept légumes, différentes viandes)",25,45,4,Mixte,PLAT_PRINCIPAL,f
595,Pastilla au poulet et aux amandes,Une savoureuse recette de Pastilla au poulet et aux amandes,25,45,4,Mixte,PLAT_PRINCIPAL,f
596,"Rfissa marocaine (poulet, lentilles, msemen)","Une délicieuse recette orientale : Rfissa marocaine (poulet, lentilles, msemen)",25,45,4,Mixte,PLAT_PRINCIPAL,f
597,Tanjia marrakchia,Une savoureuse recette de Tanjia marrakchia,25,45,4,Mixte,PLAT_PRINCIPAL,f
598,Bissara (soupe de fèves),Une savoureuse recette de Bissara (soupe de fèves),15,15,4,Mixte,ENTREE,f
599,Zaalouk (salade d'aubergines cuite),Une savoureuse recette de Zaalouk (salade d'aubergines cuite),15,15,4,Sans cuisson,ENTREE,f
600,Poulet Yassa sénégalais,Une savoureuse recette de Poulet Yassa sénégalais,25,45,4,Mixte,PLAT_PRINCIPAL,f
601,Mafé (sauce à base d'arachide),Une savoureuse recette de Mafé (sauce à base d'arachide),25,45,4,Mixte,PLAT_PRINCIPAL,f
602,Thieboudienne (riz au poisson sénégalais),Une savoureuse recette de Thieboudienne (riz au poisson sénégalais),10,30,4,Mixte,ACCOMPAGNEMENT,t
603,Doro Wat (ragoût de poulet éthiopien),Une savoureuse recette de Doro Wat (ragoût de poulet éthiopien),25,45,4,Mijotage,PLAT_PRINCIPAL,f
604,Injera (crêpe éthiopienne au teff),Une savoureuse recette de Injera (crêpe éthiopienne au teff),25,45,4,Mixte,PLAT_PRINCIPAL,f
605,Shish Taouk (brochettes de poulet libanaises),Une délicieuse recette orientale : Shish Taouk (brochettes de poulet libanaises),25,45,4,Grill/Barbecue,PLAT_PRINCIPAL,f
606,Shawarma,Une savoureuse recette de Shawarma,25,45,4,Mixte,PLAT_PRINCIPAL,f
607,Manakish au zaatar (pizza libanaise),Une délicieuse recette italienne : Manakish au zaatar (pizza libanaise),25,45,4,Cuisson au four,PLAT_PRINCIPAL,f
608,Kibbeh (boulettes de boulgour et viande),Une savoureuse recette de Kibbeh (boulettes de boulgour et viande),25,45,4,Mixte,PLAT_PRINCIPAL,f
609,Dolmas (feuilles de vigne farcies),Une savoureuse recette de Dolmas (feuilles de vigne farcies),25,45,4,Mixte,PLAT_PRINCIPAL,f
610,Shakshuka (version plus élaborée),Une savoureuse recette de Shakshuka (version plus élaborée),25,45,4,Mixte,PLAT_PRINCIPAL,f
611,Fatteh (plat libanais à base de pain pita),Une délicieuse recette orientale : Fatteh (plat libanais à base de pain pita),25,45,4,Mixte,PLAT_PRINCIPAL,f
